Accession	Domain	Phylum	Class	Order	Family	Genus	Species	logFC	logCPM	PValue	FDR	EnrichedIn
KDR32911.1	d__Bacteria	p__Proteobacteria	c__Gammaproteobacteria	o__Burkholderiales	f__Burkholderiaceae	g__Caballeronia	s__Caballeronia zhejiangensis	-2.9085763659807684	14.935255670250449	1.9364651714663665e-38	3.78385294504528e-35	Environmental
SFH83235.1	d__Bacteria	p__Firmicutes_A	c__Clostridia	o__Lachnospirales	f__Lachnospiraceae	g__Pseudobutyrivibrio	s__Pseudobutyrivibrio sp900113655	2.904688508283075	11.13410722173838	5.201126536818648e-31	5.081500626471819e-28	Plants
EHS52757.1	d__Bacteria	p__Proteobacteria	c__Alphaproteobacteria	o__Rhizobiales	f__Rhizobiaceae	g__Allorhizobium	s__Allorhizobium sp000247475	2.7097349499733188	11.061751723861493	4.533335231233815e-26	2.9527123472769583e-23	Plants
EHS53752.1	d__Bacteria	p__Proteobacteria	c__Alphaproteobacteria	o__Rhizobiales	f__Rhizobiaceae	g__Allorhizobium	s__Allorhizobium sp000247475	2.5980081024291914	10.93431419218546	1.4157497408121109e-25	6.915937483867161e-23	Plants
EEO87047.1	d__Bacteria	p__Proteobacteria	c__Gammaproteobacteria	o__Enterobacterales	f__Enterobacteriaceae	g__Yersinia	s__Yersinia pestis	-2.229251464982059	11.427803418498645	3.492954173966107e-25	1.3650464911859545e-22	Environmental
OUT94870.1	d__Bacteria	p__Proteobacteria	c__Alphaproteobacteria	o__Parvibaculales	f__RS24	g__UBA7378	s__UBA7378 sp002689195	-3.005981202352724	11.87206449631777	1.2066001865762956e-21	3.495373770189487e-19	Environmental
WP_024350324.1	d__Bacteria	p__Proteobacteria	c__Alphaproteobacteria	o__Rhizobiales	f__Rhizobiaceae	g__Aurantimonas	s__Aurantimonas coralicida	-2.0560161219937187	11.716026594010751	1.2521809821559062e-21	3.495373770189487e-19	Environmental
WP_043131923.1	d__Bacteria	p__Proteobacteria	c__Gammaproteobacteria	o__Enterobacterales	f__Aeromonadaceae	g__Aeromonas	s__Aeromonas caviae	-2.052646810868955	11.404651266305814	5.0626003606112115e-21	1.2365401380792884e-18	Environmental
ORC34218.1	d__Bacteria	p__Spirochaetota	c__Spirochaetia	o__JC444	f__Marispirochaetaceae	g__Marispirochaeta	s__Marispirochaeta aestuarii	-3.576590060970539	11.85652455791545	1.4510558911021377e-20	3.1504035680150858e-18	Environmental
EEJ52905.1	d__Bacteria	p__Actinobacteriota	c__Actinomycetia	o__Actinomycetales	f__Actinomycetaceae	g__Mobiluncus	s__Mobiluncus mulieris	-2.138226401309008	12.473397496395997	4.924057745290522e-20	9.621608834297679e-18	Environmental
EHS53753.1	d__Bacteria	p__Proteobacteria	c__Alphaproteobacteria	o__Rhizobiales	f__Rhizobiaceae	g__Allorhizobium	s__Allorhizobium sp000247475	2.2513563840670705	11.1030466708576	1.2985122907489255e-19	2.3066300146576367e-17	Plants
PJJ23062.1	d__Bacteria	p__Firmicutes	c__Bacilli	o__Bacillales	f__Bacillaceae_H	g__Priestia	s__Priestia flexa	-1.7367705089514092	11.404142723655301	2.3619308403737717e-19	3.8460107184086253e-17	Environmental
OXS66415.1	d__Bacteria	p__Firmicutes	c__Bacilli	o__Bacillales_A	f__Planococcaceae	g__Lysinibacillus	s__Lysinibacillus sp002237755	-1.9922182051133182	12.12890657876865	1.6118045103893093e-17	2.4226661640774697e-15	Environmental
WP_083051574.1	d__Bacteria	p__Spirochaetota	c__Spirochaetia	o__JC444	f__Marispirochaetaceae	g__Marispirochaeta	s__Marispirochaeta aestuarii	-2.9599114641135595	11.407212209201534	1.9871515170753357e-17	2.7734957602608615e-15	Environmental
PYB77514.1	d__Bacteria	p__Proteobacteria	c__Alphaproteobacteria	o__Rhizobiales	f__Rhizobiaceae	g__Allorhizobium	s__Allorhizobium wuzhouense	1.7670251150363603	10.610091451229767	6.35579481626614e-17	8.279482047322692e-15	Plants
OQW31935.1	d__Bacteria	p__Nitrospirota	c__Nitrospiria	o__Nitrospirales	f__Nitrospiraceae	g__Nitrospira_F	s__Nitrospira_F sp002083405	-2.295395130857754	11.052403878943291	1.3814390891752087e-16	1.6870824876552237e-14	Environmental
OHU94028.1	d__Bacteria	p__Proteobacteria	c__Gammaproteobacteria	o__Enterobacterales	f__Alteromonadaceae	g__Pseudoalteromonas	s__Pseudoalteromonas byunsanensis	-1.3936496457384708	11.222849592953798	4.912070600434123e-16	5.645991737204868e-14	Environmental
PKL07545.1	d__Bacteria	p__Spirochaetota	c__Spirochaetia	o__Treponematales	f__UBA12059	g__SZUA-370	s__SZUA-370 sp002839245	-2.6410120641381707	11.195381178319368	7.073130602279868e-16	7.678276220474924e-14	Environmental
WP_116520833.1	d__Bacteria	p__Proteobacteria	c__Gammaproteobacteria	o__Burkholderiales	f__Burkholderiaceae	g__Achromobacter	s__Achromobacter insuavis	-1.7453791996997199	11.531037616179717	1.1675936066928042e-15	1.2007778460409156e-13	Environmental
PYN97132.1	d__Bacteria	p__Methylomirabilota	c__Methylomirabilia	o__Rokubacteriales	f__GWA2-73-35	g__20CM-2-70-11	s__20CM-2-70-11 sp003220315	-1.7598550740811458	11.485813196171355	3.391742238693471e-15	3.3137321672035214e-13	Environmental
WP_054447314.1	d__Bacteria	p__Proteobacteria	c__Gammaproteobacteria	o__Burkholderiales	f__Burkholderiaceae	g__Achromobacter	s__Achromobacter xylosoxidans	-1.7063862691587068	11.831877437242655	8.008098643527575e-15	7.451345118787087e-13	Environmental
PPQ20111.1	d__Bacteria	p__Proteobacteria	c__Alphaproteobacteria	o__Rhizobiales	f__Xanthobacteraceae	g__Bradyrhizobium	s__Bradyrhizobium shewense	1.7928494621280002	10.64111557429689	4.255241422989673e-14	3.779428063873555e-12	Plants
PAS94113.1	d__Bacteria	p__Proteobacteria	c__Gammaproteobacteria	o__Burkholderiales	f__Rhodocyclaceae	g__Uliginosibacterium	s__Uliginosibacterium carminicum	-1.5275658872622075	10.910756004991947	7.918489731286914e-14	6.727273449971579e-12	Environmental
SOB91381.1	d__Bacteria	p__Firmicutes	c__Bacilli	o__Bacillales_A	f__Planococcaceae	g__Ureibacillus	s__Ureibacillus xyleni	-2.5498483944438264	11.22185488865723	8.722452717818923e-14	7.101530254424241e-12	Environmental
WP_080623791.1	d__Bacteria	p__Firmicutes	c__Bacilli	o__Bacillales	f__Bacillaceae	g__Bacillus	s__Bacillus licheniformis	-1.7116727074626226	11.619627652861924	1.2209219951917395e-13	9.542726314418636e-12	Environmental
KQT19785.1	d__Bacteria	p__Proteobacteria	c__Alphaproteobacteria	o__Rhizobiales	f__Beijerinckiaceae	g__Methylobacterium	s__Methylobacterium sp001423265	-1.8006466926712132	11.674648366782641	1.503380553675057e-13	1.129848308415793e-11	Environmental
KOQ58417.1	d__Bacteria	p__Proteobacteria	c__Gammaproteobacteria	o__Burkholderiales	f__Burkholderiaceae	g__Achromobacter	s__Achromobacter xylosoxidans	-1.5513772356626607	11.592528043873099	1.9832217703639073e-13	1.4352649404781759e-11	Environmental
WP_008898545.1	d__Bacteria	p__Proteobacteria	c__Gammaproteobacteria	o__Enterobacterales	f__Alteromonadaceae	g__Pararheinheimera	s__Pararheinheimera sp000217935	-2.4496908114359126	11.116261293847723	2.512788106475575e-13	1.753567128590455e-11	Environmental
WP_013967495.1	d__Bacteria	p__Spirochaetota	c__Spirochaetia	o__Treponematales	f__Treponemataceae_B	g__Treponema_G	s__Treponema_G caldarium_A	-2.1282541741064818	10.898026385051129	2.943175585259667e-13	1.9830914115853067e-11	Environmental
AOT43668.1	d__Bacteria	p__Proteobacteria	c__Gammaproteobacteria	o__Enterobacterales	f__Enterobacteriaceae	g__Enterobacter	s__Enterobacter ludwigii	-1.5550693687353307	10.724857869918822	4.36503902774606e-13	2.843095420071934e-11	Environmental
OFZ49340.1	d__Bacteria	p__Bdellovibrionota	c__Bacteriovoracia	o__Bacteriovoracales	f__Bacteriovoracaceae	g__YD12-FULL-39-22	s__YD12-FULL-39-22 sp001770205	-1.4273029508787358	10.712007231657523	5.303335209172514e-13	3.342811935071965e-11	Environmental
WP_081136167.1	d__Bacteria	p__Proteobacteria	c__Gammaproteobacteria	o__Pseudomonadales	f__Halomonadaceae	g__Halomonas	s__Halomonas stevensii	-1.9254669479118203	13.908059799235396	5.592219072613599e-13	3.4147487712146786e-11	Environmental
CUJ85379.1	d__Bacteria	p__Proteobacteria	c__Gammaproteobacteria	o__Burkholderiales	f__Burkholderiaceae	g__Achromobacter	s__Achromobacter xylosoxidans	-1.4259094081711148	11.36601956039129	8.454270945144471e-13	5.005953159640089e-11	Environmental
CUI90507.1	d__Bacteria	p__Proteobacteria	c__Gammaproteobacteria	o__Burkholderiales	f__Burkholderiaceae	g__Achromobacter	s__Achromobacter ruhlandii	-1.5584535448570496	11.922716226178173	8.768680165345126e-13	5.0394120714954046e-11	Environmental
OAS88434.1	d__Bacteria	p__Proteobacteria	c__Gammaproteobacteria	o__Burkholderiales	f__Burkholderiaceae	g__Achromobacter	s__Achromobacter xylosoxidans	-1.6748641907505386	11.78662982228825	9.225434565169467e-13	5.1504283258117536e-11	Environmental
KPF42046.1	d__Bacteria	p__Proteobacteria	c__Alphaproteobacteria	o__Rhizobiales	f__Rhizobiaceae	g__Allorhizobium	s__Allorhizobium sp001296045	1.4201165240581333	10.593847506900849	9.847440797152335e-13	5.306993953903551e-11	Plants
WP_109855741.1	d__Bacteria	p__Proteobacteria	c__Alphaproteobacteria	o__Rhizobiales	f__Rhizobiaceae	g__Ensifer	s__Ensifer adhaerens	1.61245062102911	10.523665523299496	1.0049067364095772e-12	5.306993953903551e-11	Plants
WP_095416232.1	d__Bacteria	p__Planctomycetota	c__Planctomycetes	o__Pirellulales	f__Thermoguttaceae	g__Thermogutta	s__Thermogutta terrifontis	-1.5027317443954415	11.011277106956033	1.1906451170631842e-12	6.122422523003848e-11	Environmental
WP_081754523.1	d__Bacteria	p__Campylobacterota	c__Campylobacteria	o__Campylobacterales	f__Arcobacteraceae	g__Aliarcobacter	s__Aliarcobacter faecis	-1.33331056663614	10.789330427871423	4.184194203277216e-12	2.0963885828727384e-10	Environmental
OHD63782.1	d__Bacteria	p__Spirochaetota	c__UBA4802	o__UBA4802	f__UBA5550	g__RBG-16-49-21	s__RBG-16-49-21 sp001829455	-1.6188055392299727	10.735926373139172	5.86272150299577e-12	2.8639394542134334e-10	Environmental
OWV84864.1	d__Bacteria	p__Proteobacteria	c__Alphaproteobacteria	o__Rhizobiales	f__Rhizobiaceae	g__Rhizobium	s__Rhizobium sp002211365	1.2380428477582124	10.418814688197138	8.351949876695558e-12	3.980417087576371e-10	Plants
WP_028734014.1	d__Bacteria	p__Proteobacteria	c__Alphaproteobacteria	o__Rhizobiales	f__Rhizobiaceae	g__Rhizobium	s__Rhizobium ruizarguesonis	1.3596061076967851	10.490647046739554	1.491155796919468e-11	6.937424826620573e-10	Plants
EIC00583.1	d__Bacteria	p__Spirochaetota	c__Spirochaetia	o__Treponematales	f__Treponemataceae	g__Treponema_D	s__Treponema_D saccharophilum	-1.9578964623695059	10.82354138018815	1.6605772927802478e-11	7.545972163006056e-10	Environmental
KIU51334.1	d__Bacteria	p__Proteobacteria	c__Gammaproteobacteria	o__Pseudomonadales	f__Pseudomonadaceae	g__Pseudomonas_E	s__Pseudomonas_E hunanensis	1.692591789773869	10.53447536456076	1.7722881449342788e-11	7.870570534549047e-10	Plants
WP_048451007.1	d__Bacteria	p__Proteobacteria	c__Alphaproteobacteria	o__Rhizobiales	f__Beijerinckiaceae	g__Methylobacterium	s__Methylobacterium tarhaniae	-1.2654516776018572	10.888060365797745	1.8651244538347824e-11	8.098784850651478e-10	Environmental
OHD66635.1	d__Bacteria	p__Spirochaetota	c__UBA4802	o__UBA4802	f__UBA5550	g__RBG-16-49-21	s__RBG-16-49-21 sp001829455	-1.740099927978522	10.700495026250415	5.6895669404859434e-11	2.4168290873281596e-9	Environmental
ESQ84451.1	d__Bacteria	p__Proteobacteria	c__Alphaproteobacteria	o__Caulobacterales	f__Caulobacteraceae	g__Asticcacaulis	s__Asticcacaulis sp000495815	1.4422652890987662	10.494572352558505	6.527594636862343e-11	2.695626851254593e-9	Plants
ACE93333.1	d__Bacteria	p__Proteobacteria	c__Alphaproteobacteria	o__Rhizobiales	f__Rhizobiaceae	g__Rhizobium	s__Rhizobium phaseoli	1.2468147187977199	10.538259280257485	6.621805980563995e-11	2.695626851254593e-9	Plants
PZN98316.1	d__Bacteria	p__Proteobacteria	c__Alphaproteobacteria	o__Micavibrionales_C	f__TMED2	g__TMED2	s__TMED2 sp002168225	-1.3620065029795307	10.643190809054778	7.057148380307063e-11	2.7776407214058917e-9	Environmental
WP_013189022.1	d__Bacteria	p__Actinobacteriota	c__Actinomycetia	o__Actinomycetales	f__Actinomycetaceae	g__Mobiluncus	s__Mobiluncus curtisii	-1.8182909897823434	10.880580179379423	7.107576052727461e-11	2.7776407214058917e-9	Environmental
WP_116468843.1	d__Bacteria	p__Proteobacteria	c__Alphaproteobacteria	o__Sphingomonadales	f__Sphingomonadaceae	g__Sphingomonas	s__Sphingomonas pokkalii	-1.444336052229101	10.738386071931718	1.0086238946023506e-10	3.864413902064692e-9	Environmental
WP_076410907.1	d__Bacteria	p__Proteobacteria	c__Gammaproteobacteria	o__Enterobacterales	f__Shewanellaceae	g__Shewanella	s__Shewanella sp001957125	-1.9143701492153045	10.77869066460011	1.1494919844181749e-10	4.319437187602142e-9	Environmental
WP_043760564.1	d__Bacteria	p__Proteobacteria	c__Gammaproteobacteria	o__Enterobacterales	f__Aeromonadaceae	g__Aeromonas	s__Aeromonas taiwanensis	-1.421402108239321	10.944466754128612	1.1932243417225142e-10	4.399170497595835e-9	Environmental
SEH28796.1	d__Bacteria	p__Firmicutes_C	c__Negativicutes	o__Selenomonadales	f__Selenomonadaceae	g__Selenomonas_A	s__Selenomonas_A ruminantium_B	-1.1127949547778029	10.5924403042036	1.4456263800798235e-10	5.231025827177731e-9	Environmental
OAP45005.1	d__Bacteria	p__Proteobacteria	c__Alphaproteobacteria	o__Rhizobiales	f__Rhizobiaceae	g__Sinorhizobium	s__Sinorhizobium saheli	1.0947241478380911	10.41197508064083	2.2643616535961387e-10	8.044659402048826e-9	Plants
WP_047153542.1	d__Bacteria	p__Firmicutes	c__Bacilli	o__Aneurinibacillales	f__Aneurinibacillaceae	g__Aneurinibacillus_A	s__Aneurinibacillus_A tyrosinisolvens	-1.3184213583249487	10.74458978221104	3.513208528797282e-10	1.2258588330839088e-8	Environmental
EFW38744.1	d__Bacteria	p__Spirochaetota	c__Spirochaetia	o__Treponematales	f__Treponemataceae	g__Treponema	s__Treponema phagedenis	-1.5903591676611035	10.659388234942062	3.9117150539381515e-10	1.3409633711219558e-8	Environmental
WP_115348483.1	d__Bacteria	p__Proteobacteria	c__Gammaproteobacteria	o__Enterobacterales	f__Enterobacteriaceae	g__Hafnia	s__Hafnia alvei	-1.8916137824652144	10.816969478275052	6.603697364503281e-10	2.224762870730933e-8	Environmental
SUW00762.1	d__Bacteria	p__Spirochaetota	c__Brachyspirae	o__Brachyspirales	f__Brachyspiraceae	g__Brachyspira	s__Brachyspira pilosicoli	-1.5220199114342268	10.660790572394896	7.444421327701137e-10	2.465491402428478e-8	Environmental
WP_108986202.1	d__Bacteria	p__Proteobacteria	c__Alphaproteobacteria	o__Caulobacterales	f__Hyphomonadaceae	g__Phycosocius	s__Phycosocius bacilliformis	-1.684729234227561	10.762308144986235	8.177920271572767e-10	2.663276035108865e-8	Environmental
PIT74785.1	d__Bacteria	p__Proteobacteria	c__Gammaproteobacteria	o__Burkholderiales	f__Burkholderiaceae	g__Limnohabitans_A	s__Limnohabitans_A sp002778275	-1.7362105512019967	10.70700308640212	8.809017326415176e-10	2.82177374685496e-8	Environmental
WP_029284726.1	d__Bacteria	p__Firmicutes	c__Bacilli	o__Bacillales	f__Bacillaceae	g__Bacillus_P	s__Bacillus_P indicus	-1.2281121128814116	10.594598747738798	9.006535491582253e-10	2.838511346863181e-8	Environmental
PKL24675.1	d__Bacteria	p__Spirochaetota	c__Spirochaetia	o__Treponematales	f__UBA12059	g__SZUA-370	s__SZUA-370 sp002839315	-1.6648622030409785	10.679502606034632	1.247358100822963e-9	3.868790046044555e-8	Environmental
WP_076918285.1	d__Bacteria	p__Proteobacteria	c__Gammaproteobacteria	o__Enterobacterales	f__Alteromonadaceae	g__Pseudoalteromonas	s__Pseudoalteromonas sp001974855	-1.697841936168486	10.702867379712563	1.3298444050121665e-9	4.060181199052771e-8	Environmental
PEH88058.1	d__Bacteria	p__Proteobacteria	c__Gammaproteobacteria	o__Burkholderiales	f__Burkholderiaceae	g__Comamonas	s__Comamonas aquatica	-1.691873525433059	10.733115782937052	1.4249288818259854e-9	4.283555438596885e-8	Environmental
WP_108947165.1	d__Bacteria	p__Proteobacteria	c__Gammaproteobacteria	o__Enterobacterales	f__Shewanellaceae	g__Shewanella	s__Shewanella fidelis	-1.7440381483474612	10.72212953589147	1.45427926656336e-9	4.30554801040122e-8	Environmental
CBK42052.1	d__Bacteria	p__Nitrospirota	c__Nitrospiria	o__Nitrospirales	f__Nitrospiraceae	g__Nitrospira_A	s__Nitrospira_A sp001567445	-1.3162160077497422	10.555437035404486	1.7242459473721726e-9	5.0082643267608335e-8	Environmental
WP_095386630.1	d__Bacteria	p__Proteobacteria	c__Alphaproteobacteria	o__Sphingomonadales	f__Sphingomonadaceae	g__Sphingopyxis	s__Sphingopyxis sp002277025	-1.391577989637195	11.346092879451595	1.7428964903773628e-9	5.0082643267608335e-8	Environmental
PAW68983.1	d__Bacteria	p__Verrucomicrobiota	c__Verrucomicrobiae	o__Opitutales	f__Opitutaceae	g__ER46	s__ER46 sp002288455	-1.3588092102297893	10.814022810626744	1.9901789411867077e-9	5.635956016056271e-8	Environmental
PUE16510.1	d__Bacteria	p__Proteobacteria	c__Gammaproteobacteria	o__Burkholderiales	f__Burkholderiaceae	g__Limnohabitans_A	s__Limnohabitans_A sp003063375	-1.4855613126883813	10.746540412311031	2.4431631765533466e-9	6.8199154956932e-8	Environmental
PKL08072.1	d__Bacteria	p__Spirochaetota	c__Spirochaetia	o__Treponematales	f__UBA12059	g__SZUA-370	s__SZUA-370 sp002839245	-1.6048320429930838	10.631649944074535	3.002989232010737e-9	8.264564731477437e-8	Environmental
RCS51109.1	d__Bacteria	p__Planctomycetota	c__Planctomycetes	o__Pirellulales	f__Pirellulaceae	g__Bremerella	s__Bremerella marina_A	-1.2531716538790665	10.696060253589842	3.6546054241114693e-9	9.918193053769182e-8	Environmental
SFR42095.1	d__Bacteria	p__Proteobacteria	c__Gammaproteobacteria	o__Pseudomonadales	f__Oleiphilaceae	g__Marinobacter	s__Marinobacter gudaonensis	-1.1110257743115544	10.609467589496894	3.774311167363608e-9	1.0102745234285603e-7	Environmental
WP_083559272.1	d__Bacteria	p__Proteobacteria	c__Gammaproteobacteria	o__Nevskiales	f__Oceanococcaceae	g__Oceanococcus	s__Oceanococcus atlanticus	-1.066288608309704	10.551074206227128	3.851514616887729e-9	1.0170080488376518e-7	Environmental
WP_096055726.1	d__Bacteria	p__Verrucomicrobiota	c__Verrucomicrobiae	o__Opitutales	f__Opitutaceae	g__Nibricoccus	s__Nibricoccus aquaticus	-1.4458683119785718	10.84217400606492	4.232800952780979e-9	1.1027857415645377e-7	Environmental
AHC15133.1	d__Bacteria	p__Spirochaetota	c__Spirochaetia	o__Spirochaetales_C	f__Salinispiraceae	g__Salinispira	s__Salinispira pacifica	-1.6553615399407353	10.653027577714264	4.8195395000096705e-9	1.2391289714498547e-7	Environmental
OGJ99634.1	d__Bacteria	p__Fibrobacterota	c__OXYB2-FULL-49-7	o__OXYB2-FULL-49-7	f__XYB2-FULL-49-35	g__XYB2-FULL-49-35	s__XYB2-FULL-49-35 sp001789205	-1.2275661091075258	10.483966578199086	4.940971621388637e-9	1.253851759505636e-7	Environmental
AXV05889.1	d__Bacteria	p__Actinobacteriota	c__Actinomycetia	o__Euzebyales	f__Euzebyaceae	g__Euzebya	s__Euzebya sp003344865	-1.0717923902759101	10.740613520771907	6.1676367640104355e-9	1.5450720816508194e-7	Environmental
OQW49893.1	d__Bacteria	p__Bdellovibrionota	c__Bdellovibrionia	o__Bdellovibrionales	f__SG-bin7	g__SG-bin7	s__SG-bin7 sp002083485	-1.103676679617175	10.608308780703263	6.292502624768501e-9	1.5563987504807153e-7	Environmental
AWM09340.1	d__Bacteria	p__Proteobacteria	c__Alphaproteobacteria	o__Rhizobiales	f__Xanthobacteraceae	g__Bradyrhizobium	s__Bradyrhizobium symbiodeficiens	1.087798847405422	10.466987733407452	7.944090952596272e-9	1.9403442151716395e-7	Plants
WP_056638471.1	d__Bacteria	p__Proteobacteria	c__Alphaproteobacteria	o__Sphingomonadales	f__Sphingomonadaceae	g__Sphingomonas	s__Sphingomonas sp001421995	-1.1707075857690263	10.689462457710265	8.071766412840304e-9	1.947189082801229e-7	Environmental
ESQ92388.1	d__Bacteria	p__Proteobacteria	c__Alphaproteobacteria	o__Caulobacterales	f__Caulobacteraceae	g__Asticcacaulis	s__Asticcacaulis benevestitus	-1.2761550057583526	10.736579762795873	9.157394960793218e-9	2.1782496994624552e-7	Environmental
WP_068614852.1	d__Bacteria	p__Proteobacteria	c__Gammaproteobacteria	o__Woeseiales	f__Woeseiaceae	g__Woeseia	s__Woeseia oceani	-1.4602192570580597	10.574950020779427	9.252544782772967e-9	2.1782496994624552e-7	Environmental
WP_061535818.1	d__Bacteria	p__Firmicutes	c__Bacilli	o__Bacillales	f__Bacillaceae_G	g__Bacillus_A	s__Bacillus_A bombysepticus	-1.1290323840080563	10.575988625822388	1.0052538027815884e-8	2.3384118221847903e-7	Environmental
ASD65009.1	d__Bacteria	p__Bdellovibrionota	c__Bdellovibrionia	o__Bdellovibrionales	f__Bdellovibrionaceae	g__Bdellovibrio	s__Bdellovibrio bacteriovorus	-1.0628050246210492	10.541949912551104	1.2457380308841984e-8	2.852126416396949e-7	Environmental
CRZ75738.1	d__Bacteria	p__Proteobacteria	c__Gammaproteobacteria	o__Enterobacterales	f__Vibrionaceae	g__Vibrio	s__Vibrio cholerae	-1.5497438525091938	10.606349009242653	1.2552859355687698e-8	2.852126416396949e-7	Environmental
KRG75180.1	d__Bacteria	p__Proteobacteria	c__Gammaproteobacteria	o__Xanthomonadales	f__Xanthomonadaceae	g__Stenotrophomonas	s__Stenotrophomonas chelatiphaga	-1.1895599073681828	11.235069066041504	1.3487528546984747e-8	3.0292679058400225e-7	Environmental
PWY47549.1	d__Bacteria	p__Proteobacteria	c__Gammaproteobacteria	o__Burkholderiales	f__Burkholderiaceae	g__Achromobacter	s__Achromobacter xylosoxidans	-1.1107975930636378	11.101336089236904	1.3911996102256328e-8	3.089095498160098e-7	Environmental
KKB09915.1	d__Bacteria	p__Proteobacteria	c__Alphaproteobacteria	o__Rhizobiales	f__Devosiaceae	g__Devosia	s__Devosia chinhatensis	-1.414216037477041	10.634699516396322	1.5920634669135316e-8	3.495384285785439e-7	Environmental
AAA62844.1	d__Bacteria	p__Proteobacteria	c__Gammaproteobacteria	o__Pseudomonadales	f__Pseudomonadaceae	g__Pseudomonas_E	s__Pseudomonas_E hunanensis	-1.13025554826871	10.807966977971992	1.640967953799643e-8	3.5627237574716695e-7	Environmental
ACE89738.1	d__Bacteria	p__Proteobacteria	c__Alphaproteobacteria	o__Rhizobiales	f__Rhizobiaceae	g__Rhizobium	s__Rhizobium phaseoli	1.038508271147895	10.338272195476282	1.910281113150443e-8	4.101856368237325e-7	Plants
ATC85726.1	d__Bacteria	p__Proteobacteria	c__Gammaproteobacteria	o__Enterobacterales	f__Alteromonadaceae	g__Pseudoalteromonas	s__Pseudoalteromonas arctica	1.058849046650134	10.367963418510644	2.2477922395148688e-8	4.774115256534841e-7	Plants
ORC31882.1	d__Bacteria	p__Spirochaetota	c__Spirochaetia	o__JC444	f__Marispirochaetaceae	g__Marispirochaeta	s__Marispirochaeta aestuarii	-1.491301000831626	10.588988864908343	2.9241361833737266e-8	6.143830217540066e-7	Environmental
WP_050351719.1	d__Bacteria	p__Firmicutes	c__Bacilli	o__Bacillales_D	f__Amphibacillaceae	g__Virgibacillus	s__Virgibacillus pantothenticus	-1.1415999286871084	10.527091378251741	2.9711146909358913e-8	6.176125644775246e-7	Environmental
SIO27575.1	d__Bacteria	p__Desulfobacterota	c__Desulfovibrionia	o__Desulfovibrionales	f__Desulfovibrionaceae	g__Halodesulfovibrio	s__Halodesulfovibrio marinisediminis	-1.2114314830589055	10.52718599097659	3.491493453157678e-8	7.18145074470537e-7	Environmental
WP_071836315.1	d__Bacteria	p__Proteobacteria	c__Alphaproteobacteria	o__Rhizobiales	f__Rhizobiaceae	g__Pararhizobium	s__Pararhizobium antarcticum	0.9839398399309001	10.274872306904824	4.5533161686087896e-8	9.267895618189141e-7	Plants
WP_069047637.1	d__Bacteria	p__Proteobacteria	c__Gammaproteobacteria	o__Burkholderiales	f__Burkholderiaceae	g__Hydrogenophaga	s__Hydrogenophaga sp001713375	-1.2163537418350472	10.52416263174915	5.2226392008329226e-8	1.0520656699409826e-6	Environmental
ARQ75400.1	d__Bacteria	p__Proteobacteria	c__Gammaproteobacteria	o__Pseudomonadales	f__Pseudomonadaceae	g__Pseudomonas_E	s__Pseudomonas_E fragi	-1.2746447050365681	10.59178333690847	6.978888454774579e-8	1.3915049021050538e-6	Environmental
WP_029592335.1	d__Bacteria	p__Proteobacteria	c__Gammaproteobacteria	o__Enterobacterales	f__Enterobacteriaceae	g__Franconibacter	s__Franconibacter pulveris	-1.098852591502991	10.589447443577068	7.437422189108107e-8	1.4626371271899388e-6	Environmental
KPP83520.1	d__Bacteria	p__Proteobacteria	c__Alphaproteobacteria	o__Rhodobacterales	f__Rhodobacteraceae	g__Aquicoccus	s__Aquicoccus sp001314705	-0.9995776124411273	10.437289282205105	7.50928944675421e-8	1.4626371271899388e-6	Environmental
SOC83494.1	d__Bacteria	p__Proteobacteria	c__Alphaproteobacteria	o__Rhizobiales	f__Rhizobiaceae	g__Ensifer	s__Ensifer adhaerens	1.0511004153995842	10.29453617002632	7.560202141565189e-8	1.4626371271899388e-6	Plants
WP_079478177.1	d__Bacteria	p__Firmicutes	c__Bacilli	o__Bacillales_D	f__Halobacillaceae	g__Halobacillus	s__Halobacillus salinus	-1.1939071718590692	10.535416202771655	7.748897727090687e-8	1.4844457018367845e-6	Environmental
ESQ90688.1	d__Bacteria	p__Proteobacteria	c__Alphaproteobacteria	o__Caulobacterales	f__Caulobacteraceae	g__Asticcacaulis	s__Asticcacaulis benevestitus	1.0838995492704255	10.469408303627873	8.014398041180072e-8	1.520401337132608e-6	Plants
AEF84042.1	d__Bacteria	p__Spirochaetota	c__Spirochaetia	o__Treponematales	f__Treponemataceae_B	g__Treponema_E	s__Treponema_E primitia	-1.2743532743485244	10.577794344587316	8.942947480266692e-8	1.6802422477347228e-6	Environmental
WP_099510531.1	d__Bacteria	p__Proteobacteria	c__Alphaproteobacteria	o__Rhizobiales	f__Beijerinckiaceae	g__Microvirga	s__Microvirga ossetica	-1.2113366154833125	10.590792552885143	9.363150016398044e-8	1.7424376316230267e-6	Environmental
WP_026588933.1	d__Bacteria	p__Firmicutes	c__Bacilli	o__Bacillales	f__Bacillaceae	g__Bacillus	s__Bacillus sonorensis_A	-1.3455548515629767	10.564063719108827	9.753254580492196e-8	1.7818172551514966e-6	Environmental
WP_074033689.1	d__Bacteria	p__Firmicutes	c__Bacilli	o__Exiguobacterales	f__Exiguobacteraceae	g__Exiguobacterium	s__Exiguobacterium profundum_A	-1.458389966961985	10.575253195467942	9.757136453490794e-8	1.7818172551514966e-6	Environmental
WP_085620935.1	d__Bacteria	p__Proteobacteria	c__Alphaproteobacteria	o__Rhodospirillales	f__Thalassospiraceae	g__Thalassospira	s__Thalassospira alkalitolerans	-1.1433870693227433	10.487948672452578	1.3013325304026822e-7	2.354447930006334e-6	Environmental
WP_091904930.1	d__Bacteria	p__Proteobacteria	c__Gammaproteobacteria	o__Burkholderiales	f__Burkholderiaceae	g__Robbsia	s__Robbsia sp900095735	-1.052858756236067	10.492201604344341	1.317317864302152e-7	2.361503767748995e-6	Environmental
OKL45308.1	d__Bacteria	p__Proteobacteria	c__Alphaproteobacteria	o__Rhizobiales	f__Stappiaceae	g__Pseudovibrio	s__Pseudovibrio exalbescens	-1.0410561081098149	10.720892880839525	1.4594264765821277e-7	2.5924721229467974e-6	Environmental
EIL92230.1	d__Bacteria	p__Proteobacteria	c__Gammaproteobacteria	o__Xanthomonadales	f__Rhodanobacteraceae	g__Rhodanobacter	s__Rhodanobacter fulvus	-1.012701769306347	10.642942749994264	1.568395987844927e-7	2.760942126350439e-6	Environmental
STY26135.1	d__Bacteria	p__Proteobacteria	c__Gammaproteobacteria	o__Legionellales	f__Legionellaceae	g__Legionella_C	s__Legionella_C taurinensis	-1.1278926259274988	10.562386451814291	1.6771663228040624e-7	2.926056245320659e-6	Environmental
WP_110813485.1	d__Bacteria	p__Proteobacteria	c__Alphaproteobacteria	o__Rhodobacterales	f__Rhodobacteraceae	g__Pseudoroseicyclus	s__Pseudoroseicyclus aestuarii	-1.2193619638086226	10.575591957700698	1.703586868047867e-7	2.9458484426243645e-6	Environmental
WP_113269453.1	d__Bacteria	p__Proteobacteria	c__Gammaproteobacteria	o__Pseudomonadales	f__Halomonadaceae	g__Halomonas	s__Halomonas sulfidaeris	-1.0180667791327849	10.557100582645422	1.9691772795365876e-7	3.375238951065344e-6	Environmental
OFW99586.1	d__Bacteria	p__Proteobacteria	c__Alphaproteobacteria	o__Caulobacterales	f__Parvularculaceae	g__CV81	s__CV81 sp001767925	-1.3213662728675986	10.526439096960273	2.1307549739184318e-7	3.620430625249231e-6	Environmental
WP_090643487.1	d__Bacteria	p__Proteobacteria	c__Alphaproteobacteria	o__Caulobacterales	f__Caulobacteraceae	g__Asticcacaulis	s__Asticcacaulis taihuensis	1.0875775556669827	10.487554346129688	2.2030722484635236e-7	3.711037218532522e-6	Plants
WP_090130095.1	d__Bacteria	p__Proteobacteria	c__Gammaproteobacteria	o__Burkholderiales	f__Burkholderiaceae	g__Limnohabitans_A	s__Limnohabitans_A sp001269365	-1.186501596694239	10.584316441725822	2.232319381136851e-7	3.7281641630268436e-6	Environmental
AAW75835.1	d__Bacteria	p__Proteobacteria	c__Gammaproteobacteria	o__Xanthomonadales	f__Xanthomonadaceae	g__Xanthomonas	s__Xanthomonas oryzae	-0.9447606954848277	10.569608335023137	2.2635201882047934e-7	3.7482359726713274e-6	Environmental
SFF58521.1	d__Bacteria	p__Proteobacteria	c__Alphaproteobacteria	o__Rhizobiales	f__Rhizobiaceae	g__Aureimonas	s__Aureimonas phyllosphaerae	-1.021659394464716	10.676085353992054	2.556688338768085e-7	4.1981252218091075e-6	Environmental
WP_080456401.1	d__Bacteria	p__Proteobacteria	c__Alphaproteobacteria	o__Rhodobacterales	f__Rhodobacteraceae	g__Roseovarius	s__Roseovarius sp002072155	-1.3359805120674684	10.509387996968703	2.964354848411955e-7	4.826957811497468e-6	Environmental
AMJ97557.1	d__Bacteria	p__Proteobacteria	c__Gammaproteobacteria	o__Enterobacterales	f__Alteromonadaceae	g__Alteromonas	s__Alteromonas macleodii	-1.3094558345062581	10.52189287077607	3.585195751037002e-7	5.789646692170497e-6	Environmental
ABJ81339.1	d__Bacteria	p__Acidobacteriota	c__Acidobacteriae	o__Bryobacterales	f__Bryobacteraceae	g__Solibacter	s__Solibacter usitatus	-1.257339413458764	10.722351877867384	3.656200490218892e-7	5.855914555645669e-6	Environmental
WP_107379561.1	d__Bacteria	p__Proteobacteria	c__Gammaproteobacteria	o__Xanthomonadales	f__Xanthomonadaceae	g__Stenotrophomonas	s__Stenotrophomonas maltophilia	-1.160923905558107	10.486731311079582	4.7582700089485967e-7	7.559072843484194e-6	Environmental
WP_062107486.1	d__Bacteria	p__Proteobacteria	c__Alphaproteobacteria	o__Acetobacterales	f__Acetobacteraceae	g__Gluconobacter	s__Gluconobacter albidus	-0.9840845259596421	10.479027717390125	4.901755241471269e-7	7.724217533737789e-6	Environmental
WP_074707246.1	d__Bacteria	p__Proteobacteria	c__Gammaproteobacteria	o__Burkholderiales	f__Nitrosomonadaceae	g__Nitrosospira	s__Nitrosospira multiformis_E	-0.9882861550119226	10.489817834370216	5.395885216081428e-7	8.434847769778489e-6	Environmental
PIQ99844.1	d__Bacteria	p__Nitrospinota	c__Nitrospinia	o__Nitrospinales	f__Nitrospinaceae	g__1-14-0-20-45-15	s__1-14-0-20-45-15 sp002787235	-1.185625051581879	10.48122314470879	5.731231689739601e-7	8.842539307705822e-6	Environmental
DAB16588.1	d__Bacteria	p__Cyanobacteria	c__Vampirovibrionia	o__Gastranaerophilales	f__Gastranaerophilaceae	g__CAG-196	s__CAG-196 sp002102975	-1.0099167655698749	10.676343527435954	5.747198014732033e-7	8.842539307705822e-6	Environmental
SFB96321.1	d__Bacteria	p__Proteobacteria	c__Gammaproteobacteria	o__Pseudomonadales	f__Halomonadaceae	g__Kushneria	s__Kushneria avicenniae	-0.8379554364993126	10.52032824855521	5.937266045157543e-7	9.063607697060812e-6	Environmental
OQW65421.1	d__Bacteria	p__Nitrospirota	c__Nitrospiria	o__Nitrospirales	f__Nitrospiraceae	g__Nitrospira_D	s__Nitrospira_D sp002083555	-1.1050229726978729	10.437055342527213	6.181491285071223e-7	9.363282148084629e-6	Environmental
AGU57173.1	d__Bacteria	p__Proteobacteria	c__Gammaproteobacteria	o__Enterobacterales	f__Vibrionaceae	g__Vibrio	s__Vibrio anguillarum	-1.3544197029069214	10.559332329977359	6.353583087640444e-7	9.549924117884174e-6	Environmental
DAB26546.1	d__Bacteria	p__Cyanobacteria	c__Vampirovibrionia	o__Gastranaerophilales	f__Gastranaerophilaceae	g__CAG-196	s__CAG-196 sp002102975	-1.3129122766146744	10.502603122047217	6.682874778485352e-7	9.947807874604597e-6	Environmental
OXB92966.1	d__Bacteria	p__Firmicutes	c__Bacilli	o__Bacillales	f__Anoxybacillaceae	g__Parageobacillus	s__Parageobacillus toebii	-1.0744119492277888	10.502030710313333	6.720115862066565e-7	9.947807874604597e-6	Environmental
SET55798.1	d__Bacteria	p__Firmicutes_F	c__Halanaerobiia	o__Halanaerobiales	f__Halanaerobiaceae	g__Halanaerobium	s__Halanaerobium congolense	-1.025870533732293	10.448683885936152	6.821962447463513e-7	1.0022642573190756e-5	Environmental
WP_096932346.1	d__Bacteria	p__Proteobacteria	c__Gammaproteobacteria	o__Enterobacterales	f__Enterobacteriaceae	g__Escherichia	s__Escherichia flexneri	-1.1504561695640296	10.527362409803379	7.23648937613413e-7	1.0552313612661261e-5	Environmental
WP_082564463.1	d__Bacteria	p__Proteobacteria	c__Alphaproteobacteria	o__Caulobacterales	f__Caulobacteraceae	g__Caulobacter	s__Caulobacter rhizosphaerae	0.8360517477078682	10.30460978217867	7.634323586057589e-7	1.1049976509004838e-5	Plants
CCF11937.1	d__Bacteria	p__Proteobacteria	c__Gammaproteobacteria	o__Enterobacterales	f__Enterobacteriaceae	g__Pantoea	s__Pantoea ananatis	-1.0325072485272857	10.959867350733663	8.222114744063454e-7	1.1813244271985286e-5	Environmental
RBY75374.1	d__Bacteria	p__Actinobacteriota	c__Actinomycetia	o__Mycobacteriales	f__Geodermatophilaceae	g__Blastococcus	s__Blastococcus sp003319105	-0.8965575106910071	10.64226617189772	8.482214404327369e-7	1.2053289068516732e-5	Environmental
EFW36388.1	d__Bacteria	p__Spirochaetota	c__Spirochaetia	o__Treponematales	f__Treponemataceae	g__Treponema	s__Treponema phagedenis	-1.2839593652175054	10.492075950084915	8.512558298133619e-7	1.2053289068516732e-5	Environmental
SJZ39514.1	d__Bacteria	p__Spirochaetota	c__Spirochaetia	o__Treponematales	f__Treponemataceae	g__Treponema_D	s__Treponema_D porcinum	-1.0932328280489183	10.430699818920141	8.705904349569284e-7	1.2170851242191817e-5	Environmental
SON56227.1	d__Bacteria	p__Proteobacteria	c__Alphaproteobacteria	o__Rhizobiales	f__Pleomorphomonadaceae	g__Hartmannibacter	s__Hartmannibacter diazotrophicus	-0.9350448100656311	10.514973665930974	8.720159538929654e-7	1.2170851242191817e-5	Environmental
ODT06014.1	d__Bacteria	p__Proteobacteria	c__Alphaproteobacteria	o__Rhizobiales	f__Rhizobiaceae	g__Aminobacter	s__Aminobacter sp001724355	-1.0805776825031015	10.580272369987272	8.809638499860464e-7	1.2208534488459111e-5	Environmental
OWL91134.1	d__Bacteria	p__Proteobacteria	c__Gammaproteobacteria	o__Pseudomonadales	f__Pseudomonadaceae	g__Pseudomonas_D	s__Pseudomonas_D aestusnigri	-1.0380359289315382	10.474765698213385	8.883445530315103e-7	1.2224121525518107e-5	Environmental
WP_062514727.1	d__Bacteria	p__Firmicutes	c__Bacilli	o__Bacillales_D	f__Halobacillaceae	g__Halobacillus	s__Halobacillus sp001592845	-0.8833754078479175	10.44040075755398	9.083730224660234e-7	1.2412313887402865e-5	Environmental
WP_077611709.1	d__Bacteria	p__Firmicutes_A	c__Clostridia	o__Lachnospirales	f__Lachnospiraceae	g__Lacrimispora	s__Lacrimispora sp900155545	-1.0860680971140708	10.607314251845594	1.1806235457037928e-6	1.6020405613230634e-5	Environmental
WP_109339242.1	d__Bacteria	p__Proteobacteria	c__Gammaproteobacteria	o__Enterobacterales	f__Alteromonadaceae	g__Saliniradius	s__Saliniradius amylolyticus	-1.2533109652398462	10.498289246267026	1.2339858772123288e-6	1.6629023476364762e-5	Environmental
WP_075629382.1	d__Bacteria	p__Proteobacteria	c__Alphaproteobacteria	o__Rhizobiales	f__Rhizobiaceae	g__Pararhizobium	s__Pararhizobium oryzae	0.8795711206259993	10.247595379443021	1.3320893120431298e-6	1.7828099422823804e-5	Plants
OGG03689.1	d__Bacteria	p__Gemmatimonadota	c__Glassbacteria	o__GWA2-58-10	f__GWA2-58-10	g__GWA2-58-10	s__GWA2-58-10 sp001780825	-0.8652109667462715	10.379301130130996	1.3584138269613508e-6	1.8056738897159724e-5	Environmental
ACY40759.1	d__Bacteria	p__Proteobacteria	c__Alphaproteobacteria	o__Rhizobiales	f__Rhizobiaceae	g__Rhizobium	s__Rhizobium ruizarguesonis	0.8936197752972252	10.293534148027645	1.3886703841512132e-6	1.8334202233996423e-5	Plants
WP_093732877.1	d__Bacteria	p__Proteobacteria	c__Alphaproteobacteria	o__Rhodobacterales	f__Rhodobacteraceae	g__Sulfitobacter	s__Sulfitobacter litoralis	-0.9579399989915209	10.438666125137962	1.4087081222551352e-6	1.8365836400090644e-5	Environmental
CUH81577.1	d__Bacteria	p__Proteobacteria	c__Alphaproteobacteria	o__Rhodobacterales	f__Rhodobacteraceae	g__Epibacterium	s__Epibacterium multivorans	-1.1698858370154637	10.544489684065622	1.4098646161789133e-6	1.8365836400090644e-5	Environmental
OYU51363.1	d__Bacteria	p__Proteobacteria	c__Alphaproteobacteria	o__Caulobacterales	f__Hyphomonadaceae	g__Aquidulcibacter	s__Aquidulcibacter sp001602435	-1.216077505942679	10.488982409062299	1.9836564956329856e-6	2.5647231759271503e-5	Environmental
ALK90936.1	d__Bacteria	p__Proteobacteria	c__Gammaproteobacteria	o__Burkholderiales	f__Burkholderiaceae	g__Limnohabitans_A	s__Limnohabitans_A sp001412575	-0.8647113855238785	10.472381442450446	1.995076370219687e-6	2.5647231759271503e-5	Environmental
SDL68561.1	d__Bacteria	p__Firmicutes_F	c__Halanaerobiia	o__Halanaerobiales	f__Halarsenatibacteraceae	g__Halarsenatibacter	s__Halarsenatibacter silvermanii	-1.1239819350446814	10.439322256968618	2.1002865427986103e-6	2.682326735051297e-5	Environmental
CAL78604.1	d__Bacteria	p__Proteobacteria	c__Alphaproteobacteria	o__Rhizobiales	f__Xanthobacteraceae	g__Bradyrhizobium	s__Bradyrhizobium sp000026145	0.9119920001285576	10.30334047633729	2.4546160462492235e-6	3.1144933469941446e-5	Plants
AFL87630.1	d__Bacteria	p__Acidobacteriota	c__Acidobacteriae	o__Acidobacteriales	f__Acidobacteriaceae	g__Terriglobus	s__Terriglobus roseus	-1.1389540985318778	10.481841481527942	2.7378226651598985e-6	3.451422895304801e-5	Environmental
WP_110263600.1	d__Bacteria	p__Proteobacteria	c__Gammaproteobacteria	o__Nevskiales	f__Nevskiaceae	g__Sinimarinibacterium	s__Sinimarinibacterium flocculans	-1.1319186829966825	10.448316855109503	2.9185547586470187e-6	3.655676922048894e-5	Environmental
WP_066854468.1	d__Bacteria	p__Desulfobacterota	c__Desulfovibrionia	o__Desulfovibrionales	f__Desulfovibrionaceae	g__Halodesulfovibrio	s__Halodesulfovibrio spirochaetisodalis	-1.011610950018947	10.741791308109802	3.0856973981666343e-6	3.8404157426863714e-5	Environmental
WP_060716408.1	d__Bacteria	p__Proteobacteria	c__Alphaproteobacteria	o__Rhizobiales	f__Rhizobiaceae	g__Allorhizobium	s__Allorhizobium vitis_A	0.8029711725824498	10.26563288981585	3.1503806563249507e-6	3.8961036724423756e-5	Plants
CUI82500.1	d__Bacteria	p__Proteobacteria	c__Gammaproteobacteria	o__Burkholderiales	f__Burkholderiaceae	g__Achromobacter	s__Achromobacter insuavis	-0.8180451935906508	10.489660180152045	3.345805542658826e-6	4.111763541103991e-5	Environmental
ANY60803.1	d__Bacteria	p__Proteobacteria	c__Gammaproteobacteria	o__Burkholderiales	f__Burkholderiaceae	g__Comamonas	s__Comamonas aquatica	-1.0644219705035312	10.432383205863145	3.4648684593798165e-6	4.231470606017601e-5	Environmental
WP_076920623.1	d__Bacteria	p__Proteobacteria	c__Gammaproteobacteria	o__Enterobacterales	f__Alteromonadaceae	g__Pseudoalteromonas	s__Pseudoalteromonas tetraodonis	-1.1519615635532399	10.465731889679647	3.5186929776851443e-6	4.270513092171908e-5	Environmental
OOH88764.1	d__Bacteria	p__Proteobacteria	c__Gammaproteobacteria	o__Burkholderiales	f__Burkholderiaceae	g__Comamonas	s__Comamonas kerstersii	-1.061719504363699	10.489586183069784	3.683080659110588e-6	4.4424318567296844e-5	Environmental
WP_008551882.1	d__Bacteria	p__Proteobacteria	c__Alphaproteobacteria	o__Rhizobiales	f__Stappiaceae	g__Pseudovibrio	s__Pseudovibrio denitrificans	-0.8374831794596679	10.498833047374662	3.874179497320608e-6	4.6442618023094886e-5	Environmental
WP_046554761.1	d__Bacteria	p__Proteobacteria	c__Gammaproteobacteria	o__Enterobacterales	f__Alteromonadaceae	g__Arsukibacterium	s__Arsukibacterium sp000987765	-1.142136703625939	10.437765556552705	3.922409077006581e-6	4.673406912482231e-5	Environmental
OFZ81855.1	d__Bacteria	p__Bdellovibrionota	c__Bdellovibrionia_A	o__UBA1018	f__UBA1018	g__XYD1-FULL-53-11	s__XYD1-FULL-53-11 sp001770165	-0.8809449543525613	10.438368238785372	4.0720782173752115e-6	4.8223277798491895e-5	Environmental
RDG33920.1	d__Bacteria	p__Spirochaetota	c__Spirochaetia	o__Spirochaetales_E	f__Spirochaetaceae_B	g__Oceanispirochaeta	s__Oceanispirochaeta sp003346715	-1.125763942245819	10.429471933625527	4.285120501099548e-6	5.04405148141477e-5	Environmental
AKP76066.1	d__Bacteria	p__Firmicutes	c__Bacilli	o__Bacillales	f__Bacillaceae_H	g__Priestia	s__Priestia megaterium_A	-1.084198854983929	10.413286344546941	5.345180034851091e-6	6.254180711436546e-5	Environmental
ODV02649.1	d__Bacteria	p__Proteobacteria	c__Gammaproteobacteria	o__Burkholderiales	f__Thiobacillaceae	g__Thiobacillus	s__Thiobacillus sp001899305	-0.8711809151361138	10.475463551706964	6.682092801447734e-6	7.771910317874329e-5	Environmental
SER07934.1	d__Bacteria	p__Proteobacteria	c__Gammaproteobacteria	o__Pseudomonadales	f__Nitrincolaceae	g__Amphritea	s__Amphritea atlantica	-1.04844210672078	10.408932498312405	7.138165654501532e-6	8.25324005260118e-5	Environmental
WP_006593996.1	d__Bacteria	p__Actinobacteriota	c__Actinomycetia	o__Actinomycetales	f__Dermatophilaceae	g__Kineosphaera	s__Kineosphaera limosa	-0.8735850625856141	10.399039308981987	7.187770376708713e-6	8.261707832993427e-5	Environmental
PZA21656.1	d__Bacteria	p__Actinobacteriota	c__Actinomycetia	o__Mycobacteriales	f__Geodermatophilaceae	g__Modestobacter	s__Modestobacter versicolor	-0.7961025728049836	10.438489371524206	7.4097198617441594e-6	8.467013222133384e-5	Environmental
WP_102019154.1	d__Bacteria	p__Proteobacteria	c__Alphaproteobacteria	o__Rhizobiales	f__Rhizobiaceae	g__Allorhizobium	s__Allorhizobium sp002855515	0.8829653934122018	10.301556996584376	7.665611114765134e-6	8.708490766425042e-5	Plants
KQY29870.1	d__Bacteria	p__Proteobacteria	c__Alphaproteobacteria	o__Caulobacterales	f__Caulobacteraceae	g__Caulobacter	s__Caulobacter sp001426905	0.7789291919976784	10.268231199863052	7.89679889146704e-6	8.919274586084738e-5	Plants
ASA55037.1	d__Bacteria	p__Proteobacteria	c__Gammaproteobacteria	o__Enterobacterales	f__Vibrionaceae	g__Vibrio	s__Vibrio gazogenes	-1.0723458780345674	10.410855924301213	8.537783952547376e-6	9.545155103823551e-5	Environmental
ACS25692.1	d__Bacteria	p__Firmicutes	c__Bacilli	o__Bacillales	f__Anoxybacillaceae	g__Parageobacillus	s__Parageobacillus toebii	-0.8907954190593049	10.373192772650317	8.548629187150059e-6	9.545155103823551e-5	Environmental
EER61502.1	d__Bacteria	p__Proteobacteria	c__Gammaproteobacteria	o__Burkholderiales	f__Burkholderiaceae	g__Acidovorax	s__Acidovorax delafieldii_B	-0.906590592194698	10.450203021043796	8.968741695823351e-6	9.91352390849787e-5	Environmental
WP_076414249.1	d__Bacteria	p__Proteobacteria	c__Gammaproteobacteria	o__Burkholderiales	f__Burkholderiaceae	g__Achromobacter	s__Achromobacter xylosoxidans	-0.8929804701247294	10.469746859252638	8.996705916535533e-6	9.91352390849787e-5	Environmental
KJZ50119.1	d__Bacteria	p__Proteobacteria	c__Gammaproteobacteria	o__Pseudomonadales	f__Pseudomonadaceae	g__Pseudomonas	s__Pseudomonas aeruginosa	0.9967178047326297	10.3448479582312	9.030743376216074e-6	9.91352390849787e-5	Plants
KMQ49910.1	d__Bacteria	p__Fibrobacterota	c__Chitinivibrionia	o__Chitinivibrionales	f__Chitinispirillaceae	g__Chitinispirillum	s__Chitinispirillum alkaliphilum	-0.9487689862326122	10.42058131911835	9.226075143146792e-6	1.0071369178608285e-4	Environmental
KQU71625.1	d__Bacteria	p__Proteobacteria	c__Alphaproteobacteria	o__Rhizobiales	f__Rhizobiaceae	g__Ensifer	s__Ensifer adhaerens_A	-0.9141999353737605	10.685634129752136	9.359904785703744e-6	1.0160696639591731e-4	Environmental
WP_063492628.1	d__Bacteria	p__Proteobacteria	c__Gammaproteobacteria	o__Burkholderiales	f__Burkholderiaceae	g__Bordetella	s__Bordetella trematum	-0.8021699980746781	10.38914487742147	1.0367737699765146e-5	1.1192574290243699e-4	Environmental
WP_005333970.1	d__Bacteria	p__Proteobacteria	c__Gammaproteobacteria	o__Enterobacterales	f__Aeromonadaceae	g__Aeromonas	s__Aeromonas veronii	-1.1072493828412149	10.42370916095213	1.0576422014368441e-5	1.1355125613228534e-4	Environmental
PIE04719.1	d__Bacteria	p__Spirochaetota	c__Spirochaetia	o__Spirochaetales_C	f__PWMO01	g__PWMO01	s__PWMO01 sp007123465	-1.0264138282254363	10.395936578350316	1.148980782299857e-5	1.2268352178218146e-4	Environmental
OFZ84822.1	d__Bacteria	p__Bdellovibrionota	c__Bdellovibrionia_A	o__UBA1018	f__UBA1018	g__XYD1-FULL-55-31	s__XYD1-FULL-55-31 sp001770175	-0.79960160963339	10.407282558331495	1.1799848733354034e-5	1.2530926317920533e-4	Environmental
PCM45266.1	d__Bacteria	p__Proteobacteria	c__Gammaproteobacteria	o__Pseudomonadales	f__Oleiphilaceae	g__Marinobacter	s__Marinobacter sp002407605	-0.8261834415175127	10.412996239905807	1.2216948154111236e-5	1.2903738753045055e-4	Environmental
WP_010639994.1	d__Bacteria	p__Proteobacteria	c__Gammaproteobacteria	o__Acidithiobacillales	f__Acidithiobacillaceae	g__Acidithiobacillus	s__Acidithiobacillus thiooxidans	-0.9604023356108738	10.381338839739705	1.2535672498669822e-5	1.3169195732473565e-4	Environmental
WP_089930945.1	d__Bacteria	p__Proteobacteria	c__Alphaproteobacteria	o__Caulobacterales	f__Caulobacteraceae	g__Caulobacter	s__Caulobacter sp900114015	0.788732460755879	10.318416909009926	1.2687758458850227e-5	1.325768985486275e-4	Plants
WP_035942301.1	d__Bacteria	p__Proteobacteria	c__Gammaproteobacteria	o__Burkholderiales	f__Burkholderiaceae	g__Caballeronia	s__Caballeronia glathei	-0.8039779351890077	10.624431467637239	1.3058992237025812e-5	1.357301639954704e-4	Environmental
EMT50033.1	d__Bacteria	p__Firmicutes	c__Bacilli	o__Brevibacillales	f__Brevibacillaceae	g__Brevibacillus	s__Brevibacillus borstelensis	-0.8401636220713259	10.433504224297305	1.3655266195862142e-5	1.4117666744293452e-4	Environmental
PJI45011.1	d__Bacteria	p__Proteobacteria	c__Alphaproteobacteria	o__Rhizobiales	f__Rhizobiaceae	g__Agrobacterium	s__Agrobacterium pusense	0.759071446657075	10.26630377324689	1.4249306250132867e-5	1.465428653303138e-4	Plants
GBF57702.1	d__Bacteria	p__Proteobacteria	c__Alphaproteobacteria	o__Caulobacterales	f__Hyphomonadaceae	g__Phycosocius	s__Phycosocius bacilliformis	-0.9589095923384082	10.3795548879094	1.4436105454908734e-5	1.4768664952299302e-4	Environmental
WP_027535968.1	d__Bacteria	p__Proteobacteria	c__Alphaproteobacteria	o__Rhizobiales	f__Xanthobacteraceae	g__Bradyrhizobium	s__Bradyrhizobium sp000473045	0.7551639564134164	10.405547602515664	1.4746142850783803e-5	1.5007272463766434e-4	Plants
EAP91499.1	d__Bacteria	p__Proteobacteria	c__Alphaproteobacteria	o__Caulobacterales	f__Maricaulaceae	g__Oceanicaulis	s__Oceanicaulis sp000152745	-0.9709613427308259	10.398744206011527	1.4853427435161902e-5	1.5038133268552517e-4	Environmental
SDI60355.1	d__Bacteria	p__Proteobacteria	c__Gammaproteobacteria	o__Burkholderiales	f__Burkholderiaceae	g__Duganella	s__Duganella sp900100205	-0.779136638867071	10.659094712937923	1.683731692510248e-5	1.6958823335902186e-4	Environmental
WP_108256293.1	d__Bacteria	p__Proteobacteria	c__Gammaproteobacteria	o__Burkholderiales	f__Burkholderiaceae	g__Limnohabitans_A	s__Limnohabitans_A sp001412575	-1.0144219991098729	10.430285159388001	1.712296356361959e-5	1.7158087591442398e-4	Environmental
CCH09348.1	d__Bacteria	p__Proteobacteria	c__Gammaproteobacteria	o__Burkholderiales	f__Burkholderiaceae	g__Achromobacter	s__Achromobacter xylosoxidans	-0.7125158877195236	10.549748658679036	1.7413324378267696e-5	1.7360018283232184e-4	Environmental
EKQ51095.1	d__Bacteria	p__Firmicutes_A	c__Clostridia	o__Clostridiales	f__Clostridiaceae	g__Clostridium	s__Clostridium sp002760435	-0.764075945840935	10.39862703170289	1.917916875264993e-5	1.902339885415125e-4	Environmental
DAB13224.1	d__Bacteria	p__Cyanobacteria	c__Vampirovibrionia	o__Gastranaerophilales	f__Gastranaerophilaceae	g__CAG-196	s__CAG-196 sp002102975	-0.7580758710730642	10.348916881015944	1.967713856134171e-5	1.9418751893364496e-4	Environmental
WP_011643899.1	d__Bacteria	p__Proteobacteria	c__Alphaproteobacteria	o__Caulobacterales	f__Maricaulaceae	g__Maricaulis	s__Maricaulis maris	-0.8985488315367451	10.4528606540018	2.1040759635587636e-5	2.0660122777858413e-4	Environmental
EDK26613.1	d__Bacteria	p__Proteobacteria	c__Gammaproteobacteria	o__Enterobacterales	f__Vibrionaceae	g__Vibrio	s__Vibrio sp000169995	-1.0832518892846255	10.430122510391573	2.1535125833503935e-5	2.1039817939333343e-4	Environmental
WP_108419813.1	d__Bacteria	p__Proteobacteria	c__Gammaproteobacteria	o__Burkholderiales	f__Burkholderiaceae	g__Limnohabitans_A	s__Limnohabitans_A sp003063375	-0.95920784380356106	10.386719521152886	2.2505497460264268e-5	2.1788994152912715e-4	Environmental
WP_018949432.1	d__Bacteria	p__Proteobacteria	c__Gammaproteobacteria	o__Ectothiorhodospirales	f__Thioalkalivibrionaceae	g__Thioalkalivibrio	s__Thioalkalivibrio sp000377905	-0.7418056113261889	10.32596275485281	2.2524958131465548e-5	2.1788994152912715e-4	Environmental
WP_075492688.1	d__Bacteria	p__Campylobacterota	c__Campylobacteria	o__Campylobacterales	f__Campylobacteraceae	g__Campylobacter_D	s__Campylobacter_D coli	-0.8666889320041891	10.356656149986646	2.5732273824104498e-5	2.476889805532029e-4	Environmental
WP_035570051.1	d__Bacteria	p__Proteobacteria	c__Alphaproteobacteria	o__Caulobacterales	f__Hyphomonadaceae	g__Hyphomonas	s__Hyphomonas adhaerens	-0.9369380486379406	10.370140317404644	2.8911549811718585e-5	2.76927295745579e-4	Environmental
WP_057742869.1	d__Bacteria	p__Proteobacteria	c__Alphaproteobacteria	o__Rhizobiales	f__Xanthobacteraceae	g__Bradyrhizobium	s__Bradyrhizobium manausense	0.6968688767754748	10.378881629622343	3.0042615579912664e-5	2.853775012712493e-4	Plants
KPQ07022.1	d__Bacteria	p__Proteobacteria	c__Alphaproteobacteria	o__Rhodobacterales	f__Rhodobacteraceae	g__Pararhodobacter	s__Pararhodobacter sp001314715	-0.7665162522196013	10.412708747560766	3.0085857349988408e-5	2.853775012712493e-4	Environmental
WP_026282771.1	d__Bacteria	p__Proteobacteria	c__Alphaproteobacteria	o__Rhizobiales	f__Rhizobiaceae	g__Rhizobium	s__Rhizobium sp000377565	-1.0266277640392014	10.393495712216122	3.055446823808047e-5	2.884223716773393e-4	Environmental
DAA87246.1	d__Bacteria	p__Cyanobacteria	c__Vampirovibrionia	o__Gastranaerophilales	f__Gastranaerophilaceae	g__CAG-196	s__CAG-196 sp002102975	-0.9535295637418532	10.394472746299641	3.2181406382453956e-5	3.023195580351684e-4	Environmental
WP_116653007.1	d__Bacteria	p__Proteobacteria	c__Alphaproteobacteria	o__Rhizobiales	f__Devosiaceae	g__Pelagibacterium	s__Pelagibacterium sp003390885	-0.8181146375991603	10.346190599475765	3.2641087479285285e-5	3.051707413135093e-4	Environmental
SDS43141.1	d__Bacteria	p__Actinobacteriota	c__Actinomycetia	o__Propionibacteriales	f__Nocardioidaceae	g__Marmoricola	s__Marmoricola scoriae	-1.111488173240823	10.868532227108116	3.3151124162269206e-5	3.084633172051144e-4	Environmental
AXE33704.1	d__Bacteria	p__Proteobacteria	c__Gammaproteobacteria	o__Burkholderiales	f__Chromobacteriaceae	g__Chromobacterium	s__Chromobacterium sp003325495	-0.8531072090226764	10.483872882581391	3.5763456135111246e-5	3.3119333311851836e-4	Environmental
KGM08192.1	d__Bacteria	p__Proteobacteria	c__Gammaproteobacteria	o__Nitrosococcales	f__Methylophagaceae	g__Methylophaga	s__Methylophaga thiooxydans	-0.7393559333203282	10.359006835082157	3.942895373889788e-5	3.6341592266889833e-4	Environmental
AMS30210.1	d__Bacteria	p__Proteobacteria	c__Alphaproteobacteria	o__Caulobacterales	f__Hyphomonadaceae	g__Aquidulcibacter	s__Aquidulcibacter sp001602435	-0.9805146693454285	10.520165677198623	3.9967426558499384e-5	3.6664953753665633e-4	Environmental
ABA48561.1	d__Bacteria	p__Proteobacteria	c__Gammaproteobacteria	o__Burkholderiales	f__Burkholderiaceae	g__Burkholderia	s__Burkholderia mallei	-0.8379813599495158	10.469807562860673	4.1326238882714964e-5	3.773433213870329e-4	Environmental
WP_020879737.1	d__Bacteria	p__Desulfobacterota	c__Desulfovibrionia	o__Desulfovibrionales	f__Desulfovibrionaceae	g__Desulfohalovibrio	s__Desulfohalovibrio sp000422205	-0.9316041447861299	10.387062179483651	4.350547419448844e-5	3.953939375629322e-4	Environmental
WP_101049383.1	d__Bacteria	p__Proteobacteria	c__Gammaproteobacteria	o__Burkholderiales	f__Burkholderiaceae	g__BK-30	s__BK-30 sp002837145	-0.7832124943766104	10.36736095071749	4.455867135379899e-5	4.030909436357557e-4	Environmental
KXU31828.1	d__Bacteria	p__Proteobacteria	c__Alphaproteobacteria	o__Sphingomonadales	f__Sphingomonadaceae	g__Sphingobium	s__Sphingobium fuliginis	-0.7217325899862659	10.34390413092331	4.824578612737338e-5	4.3443440595800726e-4	Environmental
AAK24938.1	d__Bacteria	p__Proteobacteria	c__Alphaproteobacteria	o__Caulobacterales	f__Caulobacteraceae	g__Caulobacter	s__Caulobacter vibrioides	-0.7212214671557773	10.392586005590033	4.9807285385206e-5	4.464377781774886e-4	Environmental
OJY50608.1	d__Bacteria	p__Proteobacteria	c__Alphaproteobacteria	o__Sphingomonadales	f__Sphingomonadaceae	g__Sphingomonas	s__Sphingomonas leidyi	-0.8203597812477927	10.830548414129868	5.0195480780380436e-5	4.4786287417745833e-4	Environmental
WP_103317800.1	d__Bacteria	p__Proteobacteria	c__Gammaproteobacteria	o__Burkholderiales	f__Chromobacteriaceae	g__Chromobacterium	s__Chromobacterium amazonense	-0.791915094284528	10.697612932958432	5.170240831112732e-5	4.592113901815581e-4	Environmental
WP_001222331.1	d__Bacteria	p__Firmicutes	c__Bacilli	o__Bacillales	f__Bacillaceae_G	g__Bacillus_A	s__Bacillus_A bombysepticus	-0.7874647883666778	10.360279033816951	5.2476513630778416e-5	4.635989959876095e-4	Environmental
OUX02289.1	d__Bacteria	p__Planctomycetota	c__Phycisphaerae	o__Phycisphaerales	f__SM1A02	g__UBA12014	s__UBA12014 sp002690755	-0.9335138074202488	10.370362660194726	5.267091970790651e-5	4.635989959876095e-4	Environmental
WP_116791995.1	d__Bacteria	p__Proteobacteria	c__Gammaproteobacteria	o__Burkholderiales	f__Burkholderiaceae	g__Achromobacter	s__Achromobacter dolens	-0.7310812307474581	10.383743822639072	5.323580243242554e-5	4.6646976660519963e-4	Environmental
PZE19284.1	d__Bacteria	p__Firmicutes	c__Bacilli	o__Paenibacillales	f__Paenibacillaceae	g__Paenibacillus_S	s__Paenibacillus_S xerothermodurans	-0.8035518783816022	10.374358673062332	5.759428601338835e-5	5.024072985275038e-4	Environmental
PVD78291.1	d__Bacteria	p__Proteobacteria	c__Gammaproteobacteria	o__Enterobacterales	f__Enterobacteriaceae	g__Edwardsiella	s__Edwardsiella piscicida	-0.8364634210301414	10.41616575496449	6.474841017034936e-5	5.623039709905007e-4	Environmental
EPG66505.1	d__Bacteria	p__Spirochaetota	c__Leptospirae	o__Leptospirales	f__Leptospiraceae	g__Leptospira_B	s__Leptospira_B wolffii	-0.8549300212969954	10.35289668626738	6.730827219572432e-5	5.819485127010855e-4	Environmental
PCI19819.1	d__Bacteria	p__Proteobacteria	c__Gammaproteobacteria	o__Nitrosococcales	f__Methylophagaceae	g__GCA-002733105	s__GCA-002733105 sp013215775	-0.7273900252850003	10.442873467409541	7.025567279239813e-5	6.047558794552685e-4	Environmental
PTA84247.1	d__Bacteria	p__Firmicutes	c__Bacilli	o__Bacillales	f__Bacillaceae	g__Bacillus	s__Bacillus safensis	-0.7512873910139396	10.335474759069848	7.071706337162394e-5	6.060576395971631e-4	Environmental
WP_067201759.1	d__Bacteria	p__Proteobacteria	c__Alphaproteobacteria	o__Sphingomonadales	f__Sphingomonadaceae	g__Parasphingorhabdus	s__Parasphingorhabdus sp001586275	-0.7195220383497584	10.342451061518618	7.302832011316561e-5	6.231324781708541e-4	Environmental
WP_113739238.1	d__Bacteria	p__Proteobacteria	c__Gammaproteobacteria	o__Enterobacterales	f__Aeromonadaceae	g__Aeromonas	s__Aeromonas veronii	-0.953661239198641	10.375804877638355	8.052155880054964e-5	6.840831560707565e-4	Environmental
KQZ18556.1	d__Bacteria	p__Proteobacteria	c__Alphaproteobacteria	o__Caulobacterales	f__Caulobacteraceae	g__Caulobacter	s__Caulobacter rhizosphaerae	0.7097735811682094	10.246727602299936	8.656703199875977e-5	7.318167965459881e-4	Plants
EOS64734.1	d__Bacteria	p__Firmicutes_A	c__Clostridia	o__Oscillospirales	f__Ruminococcaceae	g__Anaerotruncus	s__Anaerotruncus sp000403395	-0.6809781334768072	10.403119011869153	8.688919999931895e-5	7.318167965459881e-4	Environmental
WP_045828533.1	d__Bacteria	p__Proteobacteria	c__Gammaproteobacteria	o__Xanthomonadales	f__Rhodanobacteraceae	g__Luteibacter	s__Luteibacter yeojuensis_B	0.9186786074144953	10.459767525046109	9.039251231250946e-5	7.580556611958947e-4	Plants
WP_097183358.1	d__Bacteria	p__Actinobacteriota	c__Actinomycetia	o__Mycobacteriales	f__Geodermatophilaceae	g__Blastococcus	s__Blastococcus sp900230285	-0.7218222707192059	10.376771087234259	9.481822490481234e-5	7.917726985641168e-4	Environmental
SPE29028.1	d__Bacteria	p__Acidobacteriota	c__Acidobacteriae	o__Acidobacteriales	f__Acidobacteriaceae	g__Terracidiphilus	s__Terracidiphilus gaucii	-0.9164397724226193	10.405961482842113	9.898106409670417e-5	8.230170180636594e-4	Environmental
OON62929.1	d__Bacteria	p__Proteobacteria	c__Gammaproteobacteria	o__Burkholderiales	f__Burkholderiaceae	g__Massilia	s__Massilia sp002007115	-0.7489615705812757	10.347739731071274	1.0411075925037318e-4	8.620017948102931e-4	Environmental
GAC15186.1	d__Bacteria	p__Proteobacteria	c__Gammaproteobacteria	o__Enterobacterales	f__Alteromonadaceae	g__Aliiglaciecola	s__Aliiglaciecola lipolytica	-0.8195559198962827	10.332020612243756	1.0499369717161052e-4	8.656442374401982e-4	Environmental
WP_099454942.1	d__Bacteria	p__Proteobacteria	c__Gammaproteobacteria	o__Pseudomonadales	f__Pseudomonadaceae	g__Pseudomonas_E	s__Pseudomonas_E hunanensis	-0.8764877068956433	10.35673170988883	1.082884004438053e-4	8.89056867509225e-4	Environmental
SFK10547.1	d__Bacteria	p__Proteobacteria	c__Gammaproteobacteria	o__Nitrosococcales	f__Methylophagaceae	g__Methylophaga	s__Methylophaga sulfidovorans	-0.7482353964397844	10.332790275828659	1.2156376898818209e-4	9.933337908890516e-4	Environmental
PIW16240.1	d__Bacteria	p__Cyanobacteria	c__Sericytochromatia	o__UBA7694	f__UBA7694	g__GCA-2770975	s__GCA-2770975 sp002783405	-0.6995278718258849	10.301935671230746	1.2200619744798995e-4	9.933337908890516e-4	Environmental
PLS17873.1	d__Bacteria	p__Firmicutes	c__Bacilli	o__Bacillales_B	f__DSM-1321	g__Peribacillus	s__Peribacillus sp002860285	-0.8781252915560541	10.342418115448499	1.277446033736426e-4	0.0010357384024568368	Environmental
EZP81525.1	d__Bacteria	p__Proteobacteria	c__Alphaproteobacteria	o__Sphingomonadales	f__Sphingomonadaceae	g__Novosphingobium	s__Novosphingobium resinovorum	-0.766850731576598	10.346413823047707	1.356476104236799e-4	0.001095270375073845	Environmental
WP_109127410.1	d__Bacteria	p__Proteobacteria	c__Gammaproteobacteria	o__Xanthomonadales	f__Rhodanobacteraceae	g__Dyella	s__Dyella sp003121485	-0.8437259432957801	10.338138485370896	1.3932747824401212e-4	0.0011203534670320974	Environmental
KRH98875.1	d__Bacteria	p__Proteobacteria	c__Gammaproteobacteria	o__Burkholderiales	f__Burkholderiaceae	g__Hylemonella	s__Hylemonella sp001432305	-0.6696966365235852	10.393738744324533	1.5116489550291975e-4	0.0012105582205438738	Environmental
DAA84775.1	d__Bacteria	p__Cyanobacteria	c__Vampirovibrionia	o__Gastranaerophilales	f__Gastranaerophilaceae	g__CAG-196	s__CAG-196 sp002102975	-0.6653475512378348	10.46966922844854	1.529836405144336e-4	0.0012201225859804214	Environmental
ANH02862.1	d__Bacteria	p__Proteobacteria	c__Alphaproteobacteria	o__Rhizobiales	f__Rhizobiaceae	g__Shinella	s__Shinella granuli	0.6511491917163602	10.259832980548259	1.6904957704681577e-4	0.0013427759087377155	Plants
WP_095110702.1	d__Bacteria	p__Proteobacteria	c__Gammaproteobacteria	o__Pseudomonadales	f__Pseudomonadaceae	g__Pseudomonas_E	s__Pseudomonas_E sp900187645	-0.7156764633239764	10.328316655719078	1.7051792632284462e-4	0.0013489555790884146	Environmental
RHB04853.1	d__Bacteria	p__Firmicutes_A	c__Clostridia	o__Lachnospirales	f__Lachnospiraceae	g__Agathobacter	s__Agathobacter rectalis	-0.6984022371159232	10.292923163742202	1.9881541195069914e-4	0.001566473044159944	Environmental
WP_100368450.1	d__Bacteria	p__Proteobacteria	c__Alphaproteobacteria	o__Rhodobacterales	f__Rhodobacteraceae	g__Yoonia	s__Yoonia maricola	-0.7486942346444021	10.317163568066386	2.016327133509471e-4	0.001582290449348396	Environmental
SHN41994.1	d__Bacteria	p__Actinobacteriota	c__Actinomycetia	o__Mycobacteriales	f__Cryptosporangiaceae	g__Cryptosporangium	s__Cryptosporangium aurantiacum	-0.8479901494212193	10.400732207856631	2.0661516099350306e-4	0.0016149040983252198	Environmental
AXD71584.1	d__Bacteria	p__Proteobacteria	c__Gammaproteobacteria	o__Enterobacterales	f__Enterobacteriaceae	g__Escherichia	s__Escherichia flexneri	-0.822054705693473	10.43489103255198	2.1409025518773664e-4	0.0016666627834136948	Environmental
WP_024349114.1	d__Bacteria	p__Proteobacteria	c__Alphaproteobacteria	o__Rhizobiales	f__Rhizobiaceae	g__Aurantimonas	s__Aurantimonas coralicida	-0.6691944363550986	10.338953545090497	2.2100830911659847e-4	0.0017136914127533073	Environmental
OQZ05054.1	d__Bacteria	p__Planctomycetota	c__Brocadiae	o__Brocadiales	f__Brocadiaceae	g__Brocadia	s__Brocadia sapporoensis	-0.8029269332261553	10.341917895044196	2.259312662295115e-4	0.001744939502816069	Environmental
ABO90683.1	d__Bacteria	p__Proteobacteria	c__Gammaproteobacteria	o__Enterobacterales	f__Aeromonadaceae	g__Aeromonas	s__Aeromonas salmonicida	-0.8546300679293009	10.342528399866382	2.3333617110434936e-4	0.001795034954086215	Environmental
WP_087865578.1	d__Bacteria	p__Proteobacteria	c__Gammaproteobacteria	o__Burkholderiales	f__Burkholderiaceae	g__Comamonas	s__Comamonas thiooxydans	-0.7423614966508246	10.376297993656964	2.3647195935155935e-4	0.001805059197676345	Environmental
WP_018305791.1	d__Bacteria	p__Firmicutes_B	c__Desulfitobacteriia	o__Desulfitobacteriales	f__Desulfitobacteriaceae	g__Desulfitobacterium	s__Desulfitobacterium hafniense	-0.7238321763626722	10.407058251905443	2.3648677308349248e-4	0.001805059197676345	Environmental
KUF10381.1	d__Bacteria	p__Proteobacteria	c__Alphaproteobacteria	o__Rhodobacterales	f__Rhodobacteraceae	g__Ponticoccus	s__Ponticoccus marisrubri	-0.7805952693247545	10.334337350925667	2.3965063356807905e-4	0.0018220908093074958	Environmental
WP_015089592.1	d__Bacteria	p__Bdellovibrionota	c__Bdellovibrionia	o__Bdellovibrionales	f__Bdellovibrionaceae	g__Bdellovibrio	s__Bdellovibrio bacteriovorus	-0.6728503552946645	10.343503878242306	2.487674845864386e-4	0.0018840762204724844	Environmental
WP_074758760.1	d__Bacteria	p__Proteobacteria	c__Gammaproteobacteria	o__Pseudomonadales	f__Pseudomonadaceae	g__Pseudomonas_E	s__Pseudomonas_E sp900110765	-0.7827688516833381	10.327177834910154	2.5174485213854655e-4	0.001899264251269189	Environmental
PAA05981.1	d__Bacteria	p__Proteobacteria	c__Gammaproteobacteria	o__Pseudomonadales	f__Pseudomonadaceae	g__Pseudomonas_E	s__Pseudomonas_E fragi	-0.7663178081354098	10.33889046268015	2.5486989190960635e-4	0.0019154452645821953	Environmental
WP_043810625.1	d__Bacteria	p__Proteobacteria	c__Gammaproteobacteria	o__Burkholderiales	f__Burkholderiaceae	g__Rubrivivax	s__Rubrivivax gelatinosus	-0.7258299491517654	10.444490999655	2.634090341386e-4	0.001972035450984002	Environmental
RBL85471.1	d__Bacteria	p__Actinobacteriota	c__Actinomycetia	o__Streptomycetales	f__Streptomycetaceae	g__Streptomyces	s__Streptomyces bacillaris	-0.8588516543499748	10.333930086519155	2.707537212895297e-4	0.002019285387021913	Environmental
WP_077750682.1	d__Bacteria	p__Proteobacteria	c__Gammaproteobacteria	o__Enterobacterales	f__Shewanellaceae	g__Shewanella	s__Shewanella psychrophila	-0.7343486423679058	10.52665073035443	3.0120496868937883e-4	0.0022378498434184268	Environmental
KZB67702.1	d__Bacteria	p__Proteobacteria	c__Alphaproteobacteria	o__Rhodospirillales	f__Thalassospiraceae	g__Thalassospira	s__Thalassospira povalilytica	-0.7220000884161929	10.316393910521887	3.180582579194484e-4	0.0023541130150553113	Environmental
PHN33500.1	d__Bacteria	p__Proteobacteria	c__Gammaproteobacteria	o__Pseudomonadales	f__Pseudomonadaceae	g__Pseudomonas_E	s__Pseudomonas_E sp002699985	0.767114150284044	10.27032045637025	3.360600980651709e-4	0.0024702741405432083	Plants
PKD26436.1	d__Bacteria	p__Proteobacteria	c__Gammaproteobacteria	o__Enterobacterales	f__Aeromonadaceae	g__Aeromonas	s__Aeromonas hydrophila	-0.773996502063807	10.324225181446025	3.3628092189585127e-4	0.0024702741405432083	Environmental
WP_039230967.1	d__Bacteria	p__Firmicutes	c__Bacilli	o__Bacillales_B	f__Domibacillaceae	g__Quasibacillus	s__Quasibacillus thermotolerans	-0.8620317748873211	10.444539460380547	3.3821475176782576e-4	0.002475174625297122	Environmental
AQT66958.1	d__Bacteria	p__Planctomycetota	c__Phycisphaerae	o__Sedimentisphaerales	f__Anaerohalophaeraceae	g__Anaerohalosphaera	s__Anaerohalosphaera lusitana	-0.7702183734731418	10.38685670524597	3.4657613383202074e-4	0.002526902110103614	Environmental
WP_061834790.1	d__Bacteria	p__Bdellovibrionota	c__Bdellovibrionia	o__Bdellovibrionales	f__Bdellovibrionaceae	g__Bdellovibrio	s__Bdellovibrio bacteriovorus	-0.6506188274413651	10.322627182717772	3.684428673685824e-4	0.002676347073747993	Environmental
PUE41723.1	d__Bacteria	p__Proteobacteria	c__Gammaproteobacteria	o__Burkholderiales	f__Burkholderiaceae	g__Limnohabitans_A	s__Limnohabitans_A sp003063355	-0.7695162778938052	10.314444765141188	3.6981690598926996e-4	0.0026763786455667907	Environmental
AKN27456.1	d__Bacteria	p__Proteobacteria	c__Gammaproteobacteria	o__Pseudomonadales	f__Pseudomonadaceae	g__Pseudomonas_A	s__Pseudomonas_A stutzeri	-0.6545711559792369	10.308127749186028	3.814925577029445e-4	0.0027292329394811364	Environmental
OHV83509.1	d__Bacteria	p__Proteobacteria	c__Alphaproteobacteria	o__Rhizobiales	f__Rhizobiaceae	g__Neorhizobium	s__Neorhizobium sp001854865	0.6464429517979531	10.23444602149521	3.8158326042732734e-4	0.0027292329394811364	Plants
ANL45456.1	d__Bacteria	p__Proteobacteria	c__Alphaproteobacteria	o__Rhizobiales	f__Rhizobiaceae	g__Rhizobium	s__Rhizobium phaseoli	0.6344938653982638	10.23487629460827	3.8158326042732734e-4	0.0027292329394811364	Plants
WP_081568834.1	d__Bacteria	p__Proteobacteria	c__Gammaproteobacteria	o__Pseudomonadales	f__Pseudomonadaceae	g__Pseudomonas_E	s__Pseudomonas_E sp002080045	-0.7774104301017053	10.394201561710505	3.8270717779827603e-4	0.0027292329394811364	Environmental
WP_108843652.1	d__Bacteria	p__Proteobacteria	c__Gammaproteobacteria	o__Pseudomonadales	f__Halomonadaceae	g__Kushneria	s__Kushneria phyllosphaerae	-0.7728597441674812	10.333021084542116	3.9339731007769353e-4	0.0027952667050611386	Environmental
SOC83492.1	d__Bacteria	p__Proteobacteria	c__Alphaproteobacteria	o__Rhizobiales	f__Rhizobiaceae	g__Ensifer	s__Ensifer adhaerens	0.6540593500371028	10.203859520608857	4.053506292479527e-4	0.0028697649621394913	Plants
WP_104048963.1	d__Bacteria	p__Actinobacteriota	c__Actinomycetia	o__Actinomycetales	f__Micrococcaceae	g__Arthrobacter_D	s__Arthrobacter_D sp002929375	-0.643595285872874	10.298703875405755	4.240145523752117e-4	0.002991062943469905	Environmental
WP_074271829.1	d__Bacteria	p__Proteobacteria	c__Alphaproteobacteria	o__Rhizobiales	f__Xanthobacteraceae	g__Bradyrhizobium	s__Bradyrhizobium erythrophlei_E	-0.7020216334288867	10.479775959140381	4.664174564280897e-4	0.0032783442800736954	Environmental
KPF48886.1	d__Bacteria	p__Proteobacteria	c__Gammaproteobacteria	o__Burkholderiales	f__Burkholderiaceae	g__Rubrivivax	s__Rubrivivax sp001295865	-0.7035833714318689	10.532979357846003	4.948546146631027e-4	0.0034657559750957087	Environmental
EKF41574.1	d__Bacteria	p__Proteobacteria	c__Alphaproteobacteria	o__Rhizobiales	f__Rhizobiaceae	g__Nitratireductor	s__Nitratireductor indicus	-0.7216278256771282	10.338768894521955	5.205731971929757e-4	0.0036328572404109804	Environmental
PJA43697.1	d__Bacteria	p__Verrucomicrobiota	c__Verrucomicrobiae	o__Opitutales	f__CG1-02-43-26	g__CG1-02-43-26	s__CG1-02-43-26 sp001872735	-0.701301759075822	10.316225581808325	5.386558748206011e-4	0.003745671101065675	Environmental
ALK96064.1	d__Bacteria	p__Proteobacteria	c__Gammaproteobacteria	o__Burkholderiales	f__Burkholderiaceae	g__Massilia	s__Massilia sp001412595	-0.7636187093378741	10.37568537128853	5.875812328068268e-4	0.004071396201789148	Environmental
WP_068024403.1	d__Bacteria	p__Proteobacteria	c__Alphaproteobacteria	o__Rhizobiales	f__Xanthobacteraceae	g__Z2-YC6860	s__Z2-YC6860 sp001579845	-0.991758829961344	11.574929580165056	5.909853363943001e-4	0.004080513594750751	Environmental
OGN50244.1	d__Bacteria	p__Proteobacteria	c__Alphaproteobacteria	o__Caulobacterales	f__Caulobacteraceae	g__Brevundimonas	s__Brevundimonas sp001796045	-0.8044856998013891	10.334274635249738	6.051928993030733e-4	0.004163897624078187	Environmental
PFC04532.1	d__Bacteria	p__Firmicutes	c__Bacilli	o__Bacillales	f__Bacillaceae_G	g__Bacillus_A	s__Bacillus_A bombysepticus	-0.6848221261405333	10.310849896343878	6.095722644601513e-4	0.004179312999140827	Environmental
ERL03959.1	d__Bacteria	p__Firmicutes_C	c__Negativicutes	o__Selenomonadales	f__Selenomonadaceae	g__Mitsuokella	s__Mitsuokella sp000469545	-0.6182687972855762	10.54411984162705	6.143790817617e-4	0.004197540999169098	Environmental
APO73557.1	d__Bacteria	p__Proteobacteria	c__Alphaproteobacteria	o__Rhizobiales	f__Rhizobiaceae	g__Rhizobium	s__Rhizobium etli_B	0.6117721542161269	10.23349605962304	6.240475573562632e-4	0.0042487419061816665	Plants
WP_012333699.1	d__Bacteria	p__Proteobacteria	c__Alphaproteobacteria	o__Rhizobiales	f__Beijerinckiaceae	g__Methylobacterium	s__Methylobacterium sp000019365	-0.6637143741308736	10.36460055542677	7.793006031852643e-4	0.005287338120222245	Environmental
ORM56269.1	d__Bacteria	p__Proteobacteria	c__Gammaproteobacteria	o__Enterobacterales	f__Enterobacteriaceae	g__Pantoea	s__Pantoea brenneri	-0.7394310430608717	10.32088843782056	7.896555929472844e-4	0.005339055462349459	Environmental
WP_112429052.1	d__Bacteria	p__Proteobacteria	c__Alphaproteobacteria	o__Rhizobiales	f__Rhizobiaceae	g__Rhizobium	s__Rhizobium sp900472605	0.6016125362511464	10.227240697720454	8.088983482860361e-4	0.005450301284658326	Plants
OHD66247.1	d__Bacteria	p__Spirochaetota	c__UBA4802	o__UBA4802	f__UBA5550	g__RBG-16-49-21	s__RBG-16-49-21 sp001829455	-0.7387422740053375	10.29722309217297	8.42895395646223e-4	0.005659854306160549	Environmental
WP_090046970.1	d__Bacteria	p__Proteobacteria	c__Gammaproteobacteria	o__Burkholderiales	f__Burkholderiaceae	g__Limnohabitans_A	s__Limnohabitans_A sp001269345	-0.7150003088963219	10.305164307386345	9.065510257609694e-4	0.006066440768277172	Environmental
SNB47029.1	d__Bacteria	p__Desulfobacterota_F	c__Desulfuromonadia	o__Geobacterales	f__Geobacteraceae	g__DSM-9736	s__DSM-9736 sp900187405	-0.5898342726050954	10.433035702551797	9.554103941758612e-4	0.006371576485391238	Environmental
WP_091246308.1	d__Bacteria	p__Proteobacteria	c__Gammaproteobacteria	o__Xanthomonadales	f__Xanthomonadaceae	g__Aquimonas	s__Aquimonas voraii	-0.6780441769772386	10.286535852772918	9.686698556543322e-4	0.006428442824457791	Environmental
WP_078663633.1	d__Bacteria	p__Proteobacteria	c__Alphaproteobacteria	o__Rhizobiales_A	f__Rhizobiaceae_A	g__Bartonella	s__Bartonella sp002022415	-0.6890248075908165	10.359173292040227	9.705172124949069e-4	0.006428442824457791	Environmental
WP_061833516.1	d__Bacteria	p__Bdellovibrionota	c__Bdellovibrionia	o__Bdellovibrionales	f__Bdellovibrionaceae	g__Bdellovibrio	s__Bdellovibrio bacteriovorus	-0.6474282855785787	10.31431311326082	0.0010158296236786257	0.00670584825901363	Environmental
SUP45119.1	d__Bacteria	p__Proteobacteria	c__Gammaproteobacteria	o__Enterobacterales	f__Vibrionaceae	g__Vibrio	s__Vibrio furnissii	-0.6173529517345243	10.349151484435446	0.0010258784372147592	0.006749382041473533	Environmental
SFD41969.1	d__Bacteria	p__Firmicutes	c__Bacilli	o__Bacillales_G	f__Fictibacillaceae	g__Fictibacillus_C	s__Fictibacillus_C sp001510655	-0.5970282156816983	10.342341253980862	0.0010516318466586205	0.006891454561469345	Environmental
AXJ95325.1	d__Bacteria	p__Proteobacteria	c__Alphaproteobacteria	o__Sphingomonadales	f__Sphingomonadaceae	g__Sphingomonas	s__Sphingomonas sp003355005	-0.7481173518868764	10.315735261786491	0.0010545265680037535	0.006891454561469345	Environmental
CAL62017.1	d__Bacteria	p__Proteobacteria	c__Gammaproteobacteria	o__Burkholderiales	f__Burkholderiaceae	g__Herminiimonas	s__Herminiimonas arsenicoxydans	-0.7253274262023824	10.301954100837166	0.0010886771498979152	0.007090917169668421	Environmental
OAI08646.1	d__Bacteria	p__Proteobacteria	c__Gammaproteobacteria	o__Methylococcales	f__Methylomonadaceae	g__Methylomonas	s__Methylomonas methanica	-0.5916786524626523	10.522458430528667	0.0011048650309621439	0.007172446081395446	Environmental
PUE37919.1	d__Bacteria	p__Proteobacteria	c__Gammaproteobacteria	o__Burkholderiales	f__Burkholderiaceae	g__Limnohabitans_A	s__Limnohabitans_A sp001412575	-0.7255498564936208	10.33708870728611	0.001158013242429053	0.007492575747372085	Environmental
OUX78757.1	d__Bacteria	p__Proteobacteria	c__Gammaproteobacteria	o__Pseudomonadales	f__Litoricolaceae	g__HIMB30	s__HIMB30 sp002705325	-0.5734021144553355	10.293578979500463	0.0011656352335566935	0.007517000813101581	Environmental
OHD62162.1	d__Bacteria	p__Spirochaetota	c__Brevinematia	o__Brevinematales	f__GWF1-51-8	g__GWF1-51-8	s__GWF1-51-8 sp001829395	-0.6994425659137788	10.293587265354095	0.0011773865018575634	0.007567806659966049	Environmental
WP_068142073.1	d__Bacteria	p__Planctomycetota	c__Planctomycetes	o__Pirellulales	f__Pirellulaceae	g__Roseimaritima	s__Roseimaritima ulvae	-0.6289648807536905	10.294949260803577	0.001229755690769756	0.00787850039266919	Environmental
SIN73647.1	d__Bacteria	p__Desulfobacterota	c__Desulfovibrionia	o__Desulfovibrionales	f__Desulfovibrionaceae	g__Halodesulfovibrio	s__Halodesulfovibrio marinisediminis	-0.6999440458064673	10.60918887787304	0.0012369451782142122	0.0078986630007535	Environmental
WP_089072520.1	d__Bacteria	p__Proteobacteria	c__Gammaproteobacteria	o__Enterobacterales	f__Vibrionaceae	g__Paraphotobacterium	s__Paraphotobacterium marinum	-0.6053492690682015	10.366164243842698	0.001258085316851739	0.008007487651883707	Environmental
PWM92012.1	d__Bacteria	p__Proteobacteria	c__Alphaproteobacteria	o__RF32	f__CAG-239	g__CAG-495	s__CAG-495 sp001917125	-0.6155541026096675	10.425552809931931	0.0013218330641073402	0.008385914958655009	Environmental
OZQ63720.1	d__Bacteria	p__Firmicutes	c__Bacilli	o__Paenibacillales	f__Paenibacillaceae	g__Paenibacillus	s__Paenibacillus sp002264395	-0.5796436673294891	10.260117222527633	0.0013496879827920067	0.008516303232801305	Environmental
OCJ17685.1	d__Bacteria	p__Proteobacteria	c__Alphaproteobacteria	o__Rhizobiales	f__Rhizobiaceae	g__Rhizobium	s__Rhizobium sp900489925	0.5928205701821817	10.210002107531604	0.0013511023552550687	0.008516303232801305	Plants
SPX60066.1	d__Bacteria	p__Proteobacteria	c__Gammaproteobacteria	o__Legionellales	f__Legionellaceae	g__Tatlockia	s__Tatlockia feeleii	-0.5756207277602544	10.270674496224236	0.0014143748346204805	0.008886457964142827	Environmental
PUE41734.1	d__Bacteria	p__Proteobacteria	c__Gammaproteobacteria	o__Burkholderiales	f__Burkholderiaceae	g__Limnohabitans_A	s__Limnohabitans_A sp003063355	-0.6661356057862537	10.28250076348792	0.0014253835834640105	0.008926921545156015	Environmental
KEQ04745.1	d__Bacteria	p__Proteobacteria	c__Alphaproteobacteria	o__Rhizobiales	f__Rhizobiaceae	g__Pseudorhizobium	s__Pseudorhizobium pelagicum	-0.6151045685884724	10.319271820021743	0.0014524613944435377	0.00906744269885838	Environmental
KRE00236.1	d__Bacteria	p__Proteobacteria	c__Alphaproteobacteria	o__Rhizobiales	f__Beijerinckiaceae	g__Bosea	s__Bosea sp001429395	-0.5809371440207509	10.405855822030114	0.001486798939450277	0.009252245629572742	Environmental
WP_087507615.1	d__Bacteria	p__Proteobacteria	c__Gammaproteobacteria	o__Enterobacterales	f__Neiellaceae	g__Neiella	s__Neiella marina	-0.563078587435037	10.316067387787573	0.0015038844834514094	0.00930136327508457	Environmental
OFZ55211.1	d__Bacteria	p__Bdellovibrionota	c__Bdellovibrionia_A	o__UBA1018	f__UBA1018	g__XYD1-FULL-55-31	s__XYD1-FULL-55-31 sp001770175	-0.6153603780083812	10.266287064854025	0.0015087354929827588	0.00930136327508457	Environmental
PYE32768.1	d__Bacteria	p__Proteobacteria	c__Gammaproteobacteria	o__Enterobacterales	f__Alteromonadaceae	g__Idiomarina	s__Idiomarina fontislapidosi	-0.6444470705965922	10.276434913477146	0.0015089724453438119	0.00930136327508457	Environmental
WP_018952847.1	d__Bacteria	p__Proteobacteria	c__Gammaproteobacteria	o__Ectothiorhodospirales	f__Ectothiorhodospiraceae	g__Thioalkalivibrio_A	s__Thioalkalivibrio_A sulfidiphilus_A	-0.6501444829313896	10.330679177595133	0.0015153095406833523	0.009311052963821606	Environmental
AFK52916.1	d__Bacteria	p__Proteobacteria	c__Alphaproteobacteria	o__Tistrellales	f__Tistrellaceae	g__Tistrella	s__Tistrella mobilis	-0.5899775784225131	10.261590591161493	0.0015350195682189724	0.009402596352037216	Environmental
PUE35484.1	d__Bacteria	p__Proteobacteria	c__Gammaproteobacteria	o__Burkholderiales	f__Burkholderiaceae	g__Limnohabitans_A	s__Limnohabitans_A sp001412575	-0.7388032335877331	10.47946629793806	0.0015512082241643744	0.009472065218803711	Environmental
OCJ12932.1	d__Bacteria	p__Proteobacteria	c__Alphaproteobacteria	o__Rhizobiales	f__Rhizobiaceae	g__Rhizobium	s__Rhizobium sp900489925	-0.637315429642522	10.289386259840912	0.0015824412490053309	0.0096326797525122	Environmental
WP_072893264.1	d__Bacteria	p__Proteobacteria	c__Gammaproteobacteria	o__Nevskiales	f__Nevskiaceae	g__Hydrocarboniphaga	s__Hydrocarboniphaga daqingensis	-0.5563125773065095	10.308821119186627	0.0016042713935288271	0.009735236965699777	Environmental
WP_116162577.1	d__Bacteria	p__Proteobacteria	c__Gammaproteobacteria	o__Enterobacterales	f__Enterobacteriaceae	g__Pectobacterium	s__Pectobacterium aquaticum	-0.6138706992875236	10.3016965446446	0.0016180869142657824	0.00978260139799361	Environmental
WP_108395686.1	d__Bacteria	p__Proteobacteria	c__Alphaproteobacteria	o__Rhizobiales	f__Devosiaceae	g__Devosia	s__Devosia submarina	-0.5684857169351067	10.325194345375666	0.0016220894846212537	0.00978260139799361	Environmental
WP_050958964.1	d__Bacteria	p__Proteobacteria	c__Gammaproteobacteria	o__Enterobacterales	f__Enterobacteriaceae	g__Escherichia	s__Escherichia flexneri	-0.6016716184440958	10.265108099738404	0.0016399581084973064	0.00985689255437684	Environmental
WP_101219479.1	d__Bacteria	p__Firmicutes	c__Bacilli	o__Bacillales	f__Bacillaceae_G	g__Bacillus_A	s__Bacillus_A bombysepticus	-0.5806894914195865	10.288849270840302	0.00164449691541804	0.00985689255437684	Environmental
